"participant","ID","FSQC_SB","FSQC_RB","FSQC_mean"
"sub-0050002","sub-0050002_ses-1_run-1",1,1,1
"sub-0050003","sub-0050003_ses-1_run-1",2.4,1,1.7
"sub-0050004","sub-0050004_ses-1_run-1",1,1,1
"sub-0050005","sub-0050005_ses-1_run-1",1,1,1
"sub-0050006","sub-0050006_ses-1_run-1",1,1,1
"sub-0050007","sub-0050007_ses-1_run-1",2.2,1,1.6
"sub-0050008","sub-0050008_ses-1_run-1",1,1,1
"sub-0050009","sub-0050009_ses-1_run-1",1.4,1,1.2
"sub-0050010","sub-0050010_ses-1_run-1",1,1,1
"sub-0050011","sub-0050011_ses-1_run-1",1,1,1
"sub-0050012","sub-0050012_ses-1_run-1",1,1,1
"sub-0050013","sub-0050013_ses-1_run-1",1.7,1.2,1.45
"sub-0050014","sub-0050014_ses-1_run-1",1,1,1
"sub-0050015","sub-0050015_ses-1_run-1",2.5,1,1.75
"sub-0050016","sub-0050016_ses-1_run-1",1,1,1
"sub-0050019","sub-0050019_ses-1_run-1",1.7,1,1.35
"sub-0050020","sub-0050020_ses-1_run-1",1,1.1,1.05
"sub-0050022","sub-0050022_ses-1_run-1",1,1,1
"sub-0050023","sub-0050023_ses-1_run-1",1.1,1,1.05
"sub-0050024","sub-0050024_ses-1_run-1",1,1,1
"sub-0050025","sub-0050025_ses-1_run-1",1,1,1
"sub-0050026","sub-0050026_ses-1_run-1",1.4,1.1,1.25
"sub-0050027","sub-0050027_ses-1_run-1",1,1,1
"sub-0050028","sub-0050028_ses-1_run-1",1,1,1
"sub-0050029","sub-0050029_ses-1_run-1",1.2,1,1.1
"sub-0050030","sub-0050030_ses-1_run-1",1,1,1
"sub-0050031","sub-0050031_ses-1_run-1",2.4,1.2,1.8
"sub-0050032","sub-0050032_ses-1_run-1",1,1,1
"sub-0050033","sub-0050033_ses-1_run-1",1.8,1,1.4
"sub-0050034","sub-0050034_ses-1_run-1",1,1,1
"sub-0050035","sub-0050035_ses-1_run-1",1,1,1
"sub-0050036","sub-0050036_ses-1_run-1",2.6,1,1.8
"sub-0050037","sub-0050037_ses-1_run-1",1,1,1
"sub-0050038","sub-0050038_ses-1_run-1",1,1,1
"sub-0050039","sub-0050039_ses-1_run-1",1.1,1,1.05
"sub-0050040","sub-0050040_ses-1_run-1",1.1,1,1.05
"sub-0050041","sub-0050041_ses-1_run-1",1,1.1,1.05
"sub-0050042","sub-0050042_ses-1_run-1",1,1,1
"sub-0050043","sub-0050043_ses-1_run-1",1,1,1
"sub-0050044","sub-0050044_ses-1_run-1",1,1,1
"sub-0050045","sub-0050045_ses-1_run-1",1.1,1,1.05
"sub-0050046","sub-0050046_ses-1_run-1",1,1,1
"sub-0050047","sub-0050047_ses-1_run-1",1.1,1,1.05
"sub-0050048","sub-0050048_ses-1_run-1",2.5,1.2,1.85
"sub-0050049","sub-0050049_ses-1_run-1",1,1,1
"sub-0050050","sub-0050050_ses-1_run-1",1.2,1,1.1
"sub-0050051","sub-0050051_ses-1_run-1",1.8,1,1.4
"sub-0050052","sub-0050052_ses-1_run-1",1.6,1,1.3
"sub-0050053","sub-0050053_ses-1_run-1",2.3,1,1.65
"sub-0050054","sub-0050054_ses-1_run-1",2.2,1.2,1.7
"sub-0050055","sub-0050055_ses-1_run-1",1,1,1
"sub-0050056","sub-0050056_ses-1_run-1",1.6,1,1.3
"sub-0050057","sub-0050057_ses-1_run-1",1,1,1
"sub-0050058","sub-0050058_ses-1_run-1",1.2,1,1.1
"sub-0050059","sub-0050059_ses-1_run-1",1,1,1
"sub-0050060","sub-0050060_ses-1_run-1",1,1,1
"sub-0050102","sub-0050102_ses-1_run-1",3.4,1.8,2.6
"sub-0050103","sub-0050103_ses-1_run-1",2.9,1.3,2.1
"sub-0050104","sub-0050104_ses-1_run-1",1,1,1
"sub-0050105","sub-0050105_ses-1_run-1",1,1,1
"sub-0050106","sub-0050106_ses-1_run-1",2.9,1.2,2.05
"sub-0050107","sub-0050107_ses-1_run-1",1,1,1
"sub-0050108","sub-0050108_ses-1_run-1",1,1,1
"sub-0050109","sub-0050109_ses-1_run-1",2.4,1.2,1.8
"sub-0050110","sub-0050110_ses-1_run-1",3.7,2.7,3.2
"sub-0050111","sub-0050111_ses-1_run-1",1,1,1
"sub-0050112","sub-0050112_ses-1_run-1",1,1,1
"sub-0050113","sub-0050113_ses-1_run-1",1.1,1.1,1.1
"sub-0050114","sub-0050114_ses-1_run-1",1.2,1,1.1
"sub-0050115","sub-0050115_ses-1_run-1",1,1,1
"sub-0050116","sub-0050116_ses-1_run-1",1.1,1,1.05
"sub-0050117","sub-0050117_ses-1_run-1",1.1,1,1.05
"sub-0050118","sub-0050118_ses-1_run-1",2.3,1,1.65
"sub-0050119","sub-0050119_ses-1_run-1",1,1,1
"sub-0050120","sub-0050120_ses-1_run-1",3.1,1.4,2.25
"sub-0050121","sub-0050121_ses-1_run-1",1.6,1,1.3
"sub-0050122","sub-0050122_ses-1_run-1",3.7,2.1,2.9
"sub-0050123","sub-0050123_ses-1_run-1",1,1,1
"sub-0050124","sub-0050124_ses-1_run-1",1.5,1.2,1.35
"sub-0050125","sub-0050125_ses-1_run-1",1.6,1.1,1.35
"sub-0050126","sub-0050126_ses-1_run-1",3.7,1.4,2.55
"sub-0050127","sub-0050127_ses-1_run-1",2,1.1,1.55
"sub-0050128","sub-0050128_ses-1_run-1",1.3,1,1.15
"sub-0050129","sub-0050129_ses-1_run-1",2.2,1.1,1.65
"sub-0050130","sub-0050130_ses-1_run-1",1,1,1
"sub-0050131","sub-0050131_ses-1_run-1",1,1,1
"sub-0050132","sub-0050132_ses-1_run-1",1,1,1
"sub-0050133","sub-0050133_ses-1_run-1",4,3.4,3.7
"sub-0050134","sub-0050134_ses-1_run-1",1.1,1,1.05
"sub-0050135","sub-0050135_ses-1_run-1",2.6,1,1.8
"sub-0050136","sub-0050136_ses-1_run-1",4,3.7,3.85
"sub-0050137","sub-0050137_ses-1_run-1",1.8,1.2,1.5
"sub-0050142","sub-0050142_ses-1_run-1",1,1,1
"sub-0050143","sub-0050143_ses-1_run-1",1,1,1
"sub-0050144","sub-0050144_ses-1_run-1",1,1.2,1.1
"sub-0050145","sub-0050145_ses-1_run-1",1.1,1,1.05
"sub-0050146","sub-0050146_ses-1_run-1",1.1,1,1.05
"sub-0050147","sub-0050147_ses-1_run-1",1,1,1
"sub-0050148","sub-0050148_ses-1_run-1",1,1,1
"sub-0050149","sub-0050149_ses-1_run-1",1,1,1
"sub-0050150","sub-0050150_ses-1_run-1",1,1,1
"sub-0050152","sub-0050152_ses-1_run-1",1,1,1
"sub-0050153","sub-0050153_ses-1_run-1",1,1,1
"sub-0050155","sub-0050155_ses-1_run-1",1,1,1
"sub-0050156","sub-0050156_ses-1_run-1",1,1,1
"sub-0050157","sub-0050157_ses-1_run-1",1.4,1,1.2
"sub-0050158","sub-0050158_ses-1_run-1",1,1,1
"sub-0050159","sub-0050159_ses-1_run-1",1,1,1
"sub-0050160","sub-0050160_ses-1_run-1",1,1,1
"sub-0050161","sub-0050161_ses-1_run-1",1,1,1
"sub-0050162","sub-0050162_ses-1_run-1",1,1,1
"sub-0050163","sub-0050163_ses-1_run-1",1,1,1
"sub-0050164","sub-0050164_ses-1_run-1",1,1,1
"sub-0050165","sub-0050165_ses-1_run-1",1,1,1
"sub-0050166","sub-0050166_ses-1_run-1",1,1,1
"sub-0050167","sub-0050167_ses-1_run-1",1,1,1
"sub-0050168","sub-0050168_ses-1_run-1",1,1,1
"sub-0050169","sub-0050169_ses-1_run-1",2.2,1.2,1.7
"sub-0050170","sub-0050170_ses-1_run-1",1.4,1,1.2
"sub-0050171","sub-0050171_ses-1_run-1",2,1,1.5
"sub-0050183","sub-0050183_ses-1_run-1",1.2,1,1.1
"sub-0050184","sub-0050184_ses-1_run-1",3.3,1.2,2.25
"sub-0050186","sub-0050186_ses-1_run-1",3.4,2.7,3.05
"sub-0050187","sub-0050187_ses-1_run-1",3.1,1.1,2.1
"sub-0050188","sub-0050188_ses-1_run-1",2.6,1.3,1.95
"sub-0050189","sub-0050189_ses-1_run-1",3.7,1.4,2.55
"sub-0050190","sub-0050190_ses-1_run-1",3.8,1.6,2.7
"sub-0050191","sub-0050191_ses-1_run-1",3.4,2.7,3.05
"sub-0050193","sub-0050193_ses-1_run-1",1.2,1,1.1
"sub-0050194","sub-0050194_ses-1_run-1",2.2,1.2,1.7
"sub-0050195","sub-0050195_ses-1_run-1",2.8,1.9,2.35
"sub-0050196","sub-0050196_ses-1_run-1",1.7,1,1.35
"sub-0050198","sub-0050198_ses-1_run-1",3.3,1.6,2.45
"sub-0050199","sub-0050199_ses-1_run-1",1,1,1
"sub-0050200","sub-0050200_ses-1_run-1",3.2,2.1,2.65
"sub-0050201","sub-0050201_ses-1_run-1",3.3,2.4,2.85
"sub-0050202","sub-0050202_ses-1_run-1",1.2,1.5,1.35
"sub-0050203","sub-0050203_ses-1_run-1",1,1.2,1.1
"sub-0050204","sub-0050204_ses-1_run-1",2.5,1.5,2
"sub-0050205","sub-0050205_ses-1_run-1",1,1,1
"sub-0050206","sub-0050206_ses-1_run-1",1.5,1.3,1.4
"sub-0050207","sub-0050207_ses-1_run-1",3.6,2.5,3.05
"sub-0050208","sub-0050208_ses-1_run-1",1,1.4,1.2
"sub-0050209","sub-0050209_ses-1_run-1",2.3,1.2,1.75
"sub-0050210","sub-0050210_ses-1_run-1",2.2,1.1,1.65
"sub-0050212","sub-0050212_ses-1_run-1",3.3,2.2,2.75
"sub-0050213","sub-0050213_ses-1_run-1",1.6,1.3,1.45
"sub-0050214","sub-0050214_ses-1_run-1",1,1,1
"sub-0050215","sub-0050215_ses-1_run-1",1.7,1.2,1.45
"sub-0050216","sub-0050216_ses-1_run-1",3.6,1.8,2.7
"sub-0050217","sub-0050217_ses-1_run-1",3.3,2.8,3.05
"sub-0050232","sub-0050232_ses-1_run-1",1,1,1
"sub-0050233","sub-0050233_ses-1_run-1",1,1,1
"sub-0050234","sub-0050234_ses-1_run-1",1.1,1,1.05
"sub-0050235","sub-0050235_ses-1_run-1",2.1,1.2,1.65
"sub-0050236","sub-0050236_ses-1_run-1",1,1,1
"sub-0050237","sub-0050237_ses-1_run-1",1.1,1,1.05
"sub-0050238","sub-0050238_ses-1_run-1",1,1.2,1.1
"sub-0050239","sub-0050239_ses-1_run-1",1,1,1
"sub-0050240","sub-0050240_ses-1_run-1",1.1,1.1,1.1
"sub-0050241","sub-0050241_ses-1_run-1",1.1,1,1.05
"sub-0050242","sub-0050242_ses-1_run-1",3,1.2,2.1
"sub-0050243","sub-0050243_ses-1_run-1",1.4,1,1.2
"sub-0050244","sub-0050244_ses-1_run-1",1,1,1
"sub-0050245","sub-0050245_ses-1_run-1",1,1,1
"sub-0050246","sub-0050246_ses-1_run-1",2.4,1.4,1.9
"sub-0050247","sub-0050247_ses-1_run-1",1,1,1
"sub-0050248","sub-0050248_ses-1_run-1",1.2,1,1.1
"sub-0050249","sub-0050249_ses-1_run-1",1.4,1,1.2
"sub-0050250","sub-0050250_ses-1_run-1",1,1,1
"sub-0050251","sub-0050251_ses-1_run-1",1,1,1
"sub-0050252","sub-0050252_ses-1_run-1",1.4,1,1.2
"sub-0050253","sub-0050253_ses-1_run-1",1,1,1
"sub-0050254","sub-0050254_ses-1_run-1",1,1,1
"sub-0050255","sub-0050255_ses-1_run-1",1.3,1,1.15
"sub-0050257","sub-0050257_ses-1_run-1",1.3,1,1.15
"sub-0050259","sub-0050259_ses-1_run-1",1,1,1
"sub-0050260","sub-0050260_ses-1_run-1",1,1,1
"sub-0050261","sub-0050261_ses-1_run-1",1,1,1
"sub-0050262","sub-0050262_ses-1_run-1",1,1,1
"sub-0050263","sub-0050263_ses-1_run-1",1.1,1,1.05
"sub-0050264","sub-0050264_ses-1_run-1",1,1,1
"sub-0050265","sub-0050265_ses-1_run-1",2.3,1.2,1.75
"sub-0050266","sub-0050266_ses-1_run-1",1,1,1
"sub-0050267","sub-0050267_ses-1_run-1",1.1,1,1.05
"sub-0050268","sub-0050268_ses-1_run-1",1,1,1
"sub-0050269","sub-0050269_ses-1_run-1",1,1,1
"sub-0050270","sub-0050270_ses-1_run-1",1,1,1
"sub-0050271","sub-0050271_ses-1_run-1",1,1,1
"sub-0050272","sub-0050272_ses-1_run-1",3.8,1.8,2.8
"sub-0050273","sub-0050273_ses-1_run-1",2.8,1,1.9
"sub-0050274","sub-0050274_ses-1_run-1",2.9,1.4,2.15
"sub-0050275","sub-0050275_ses-1_run-1",2.7,1,1.85
"sub-0050276","sub-0050276_ses-1_run-1",1,1,1
"sub-0050277","sub-0050277_ses-1_run-1",3.2,2.1,2.65
"sub-0050278","sub-0050278_ses-1_run-1",3.3,2,2.65
"sub-0050279","sub-0050279_ses-1_run-1",1.2,1,1.1
"sub-0050280","sub-0050280_ses-1_run-1",1.4,1.2,1.3
"sub-0050281","sub-0050281_ses-1_run-1",3.5,3.2,3.35
"sub-0050282","sub-0050282_ses-1_run-1",1.5,1,1.25
"sub-0050284","sub-0050284_ses-1_run-1",3.1,1.4,2.25
"sub-0050285","sub-0050285_ses-1_run-1",2.8,1.1,1.95
"sub-0050286","sub-0050286_ses-1_run-1",1.3,1,1.15
"sub-0050287","sub-0050287_ses-1_run-1",2.5,1,1.75
"sub-0050288","sub-0050288_ses-1_run-1",3.8,3.3,3.55
"sub-0050289","sub-0050289_ses-1_run-1",2.7,1.1,1.9
"sub-0050291","sub-0050291_ses-1_run-1",1.7,1.1,1.4
"sub-0050292","sub-0050292_ses-1_run-1",1.5,1.1,1.3
"sub-0050293","sub-0050293_ses-1_run-1",1.7,1.2,1.45
"sub-0050294","sub-0050294_ses-1_run-1",1.5,1.1,1.3
"sub-0050295","sub-0050295_ses-1_run-1",2.7,1.2,1.95
"sub-0050296","sub-0050296_ses-1_run-1",2,1.3,1.65
"sub-0050297","sub-0050297_ses-1_run-1",1.33333333333333,1,1.16666666666667
"sub-0050298","sub-0050298_ses-1_run-1",2.7,1.3,2
"sub-0050299","sub-0050299_ses-1_run-1",3.7,3.7,3.7
"sub-0050300","sub-0050300_ses-1_run-1",2,1,1.5
"sub-0050301","sub-0050301_ses-1_run-1",1.2,1,1.1
"sub-0050302","sub-0050302_ses-1_run-1",2.8,1.1,1.95
"sub-0050304","sub-0050304_ses-1_run-1",3.5,2,2.75
"sub-0050306","sub-0050306_ses-1_run-1",3.2,1.6,2.4
"sub-0050307","sub-0050307_ses-1_run-1",3.5,2.3,2.9
"sub-0050308","sub-0050308_ses-1_run-1",3.3,1.3,2.3
"sub-0050310","sub-0050310_ses-1_run-1",1.9,1.1,1.5
"sub-0050311","sub-0050311_ses-1_run-1",3.2,1.9,2.55
"sub-0050314","sub-0050314_ses-1_run-1",1.7,1.1,1.4
"sub-0050315","sub-0050315_ses-1_run-1",1,1.1,1.05
"sub-0050317","sub-0050317_ses-1_run-1",3.7,3.6,3.65
"sub-0050318","sub-0050318_ses-1_run-1",3,1.1,2.05
"sub-0050319","sub-0050319_ses-1_run-1",1,1,1
"sub-0050320","sub-0050320_ses-1_run-1",1,1,1
"sub-0050321","sub-0050321_ses-1_run-1",1.22222222222222,1.22222222222222,1.22222222222222
"sub-0050322","sub-0050322_ses-1_run-1",3.8,3.6,3.7
"sub-0050324","sub-0050324_ses-1_run-1",1.3,1,1.15
"sub-0050325","sub-0050325_ses-1_run-1",2.2,1.5,1.85
"sub-0050326","sub-0050326_ses-1_run-1",3,2.1,2.55
"sub-0050327","sub-0050327_ses-1_run-1",1.8,1.2,1.5
"sub-0050328","sub-0050328_ses-1_run-1",1,1,1
"sub-0050329","sub-0050329_ses-1_run-1",2,1.1,1.55
"sub-0050330","sub-0050330_ses-1_run-1",2.3,1.2,1.75
"sub-0050331","sub-0050331_ses-1_run-1",1.2,1.1,1.15
"sub-0050332","sub-0050332_ses-1_run-1",3.5,1.8,2.65
"sub-0050333","sub-0050333_ses-1_run-1",3,1.6,2.3
"sub-0050334","sub-0050334_ses-1_run-1",2.7,1.2,1.95
"sub-0050335","sub-0050335_ses-1_run-1",2.1,1.1,1.6
"sub-0050336","sub-0050336_ses-1_run-1",1.3,1,1.15
"sub-0050337","sub-0050337_ses-1_run-1",3.2,2.1,2.65
"sub-0050338","sub-0050338_ses-1_run-1",1.9,1.1,1.5
"sub-0050339","sub-0050339_ses-1_run-1",1.8,1.5,1.65
"sub-0050340","sub-0050340_ses-1_run-1",1,1,1
"sub-0050341","sub-0050341_ses-1_run-1",1.4,1,1.2
"sub-0050342","sub-0050342_ses-1_run-1",2.5,1.2,1.85
"sub-0050343","sub-0050343_ses-1_run-1",1.5,1.2,1.35
"sub-0050344","sub-0050344_ses-1_run-1",1.2,1,1.1
"sub-0050345","sub-0050345_ses-1_run-1",2.7,1,1.85
"sub-0050346","sub-0050346_ses-1_run-1",1.6,1.2,1.4
"sub-0050347","sub-0050347_ses-1_run-1",2,1.3,1.65
"sub-0050348","sub-0050348_ses-1_run-1",1.8,1.1,1.45
"sub-0050349","sub-0050349_ses-1_run-1",2.7,1.2,1.95
"sub-0050350","sub-0050350_ses-1_run-1",1.7,1.2,1.45
"sub-0050351","sub-0050351_ses-1_run-1",1.9,1.1,1.5
"sub-0050353","sub-0050353_ses-1_run-1",2.1,1,1.55
"sub-0050354","sub-0050354_ses-1_run-1",1.8,1.1,1.45
"sub-0050355","sub-0050355_ses-1_run-1",1.6,1.3,1.45
"sub-0050356","sub-0050356_ses-1_run-1",1.2,1.2,1.2
"sub-0050357","sub-0050357_ses-1_run-1",2.2,1.2,1.7
"sub-0050358","sub-0050358_ses-1_run-1",2.1,1.5,1.8
"sub-0050359","sub-0050359_ses-1_run-1",3.4,1.4,2.4
"sub-0050360","sub-0050360_ses-1_run-1",1.7,1.3,1.5
"sub-0050361","sub-0050361_ses-1_run-1",1.2,1,1.1
"sub-0050362","sub-0050362_ses-1_run-1",1.5,1,1.25
"sub-0050363","sub-0050363_ses-1_run-1",2.5,1.7,2.1
"sub-0050364","sub-0050364_ses-1_run-1",1.6,1.2,1.4
"sub-0050365","sub-0050365_ses-1_run-1",1,1,1
"sub-0050366","sub-0050366_ses-1_run-1",2.2,1.5,1.85
"sub-0050367","sub-0050367_ses-1_run-1",2.7,1.2,1.95
"sub-0050368","sub-0050368_ses-1_run-1",1.1,1,1.05
"sub-0050369","sub-0050369_ses-1_run-1",1.2,1,1.1
"sub-0050370","sub-0050370_ses-1_run-1",1,1.1,1.05
"sub-0050371","sub-0050371_ses-1_run-1",3.4,2.1,2.75
"sub-0050372","sub-0050372_ses-1_run-1",1.1,1.1,1.1
"sub-0050373","sub-0050373_ses-1_run-1",2.7,1.1,1.9
"sub-0050374","sub-0050374_ses-1_run-1",1.9,1.3,1.6
"sub-0050375","sub-0050375_ses-1_run-1",1.8,1.2,1.5
"sub-0050376","sub-0050376_ses-1_run-1",1.8,1.1,1.45
"sub-0050377","sub-0050377_ses-1_run-1",2.5,1.3,1.9
"sub-0050378","sub-0050378_ses-1_run-1",1.7,1.2,1.45
"sub-0050379","sub-0050379_ses-1_run-1",1.4,1.3,1.35
"sub-0050380","sub-0050380_ses-1_run-1",1.2,1,1.1
"sub-0050381","sub-0050381_ses-1_run-1",2,1,1.5
"sub-0050382","sub-0050382_ses-1_run-1",1,1.1,1.05
"sub-0050383","sub-0050383_ses-1_run-1",1.6,1.4,1.5
"sub-0050385","sub-0050385_ses-1_run-1",1,1,1
"sub-0050386","sub-0050386_ses-1_run-1",1.2,1,1.1
"sub-0050387","sub-0050387_ses-1_run-1",2.3,1.3,1.8
"sub-0050388","sub-0050388_ses-1_run-1",1,1,1
"sub-0050390","sub-0050390_ses-1_run-1",1.4,1.1,1.25
"sub-0050391","sub-0050391_ses-1_run-1",1,1,1
"sub-0050397","sub-0050397_ses-1_run-1",1.8,1,1.4
"sub-0050399","sub-0050399_ses-1_run-1",1.3,1,1.15
"sub-0050402","sub-0050402_ses-1_run-1",2.6,1.6,2.1
"sub-0050403","sub-0050403_ses-1_run-1",2.7,1.7,2.2
"sub-0050404","sub-0050404_ses-1_run-1",4,1.4,2.7
"sub-0050405","sub-0050405_ses-1_run-1",2.4,1,1.7
"sub-0050406","sub-0050406_ses-1_run-1",2.1,1.6,1.85
"sub-0050407","sub-0050407_ses-1_run-1",2.6,1,1.8
"sub-0050408","sub-0050408_ses-1_run-1",2.2,1.2,1.7
"sub-0050410","sub-0050410_ses-1_run-1",2.6,1.7,2.15
"sub-0050411","sub-0050411_ses-1_run-1",3.2,1.5,2.35
"sub-0050412","sub-0050412_ses-1_run-1",2.9,1.7,2.3
"sub-0050413","sub-0050413_ses-1_run-1",1.6,1,1.3
"sub-0050414","sub-0050414_ses-1_run-1",3,1,2
"sub-0050415","sub-0050415_ses-1_run-1",1.6,1.2,1.4
"sub-0050416","sub-0050416_ses-1_run-1",1.9,1.3,1.6
"sub-0050419","sub-0050419_ses-1_run-1",1.6,1.1,1.35
"sub-0050421","sub-0050421_ses-1_run-1",1.1,1,1.05
"sub-0050424","sub-0050424_ses-1_run-1",1,1,1
"sub-0050425","sub-0050425_ses-1_run-1",1.8,1,1.4
"sub-0050426","sub-0050426_ses-1_run-1",1.1,1,1.05
"sub-0050427","sub-0050427_ses-1_run-1",1.3,1.3,1.3
"sub-0050428","sub-0050428_ses-1_run-1",2,1.2,1.6
"sub-0050432","sub-0050432_ses-1_run-1",1,1,1
"sub-0050433","sub-0050433_ses-1_run-1",1,1,1
"sub-0050434","sub-0050434_ses-1_run-1",1,1,1
"sub-0050435","sub-0050435_ses-1_run-1",1.1,1,1.05
"sub-0050436","sub-0050436_ses-1_run-1",1.8,1,1.4
"sub-0050437","sub-0050437_ses-1_run-1",1.7,1,1.35
"sub-0050438","sub-0050438_ses-1_run-1",1,1,1
"sub-0050439","sub-0050439_ses-1_run-1",1,1,1
"sub-0050440","sub-0050440_ses-1_run-1",1,1,1
"sub-0050441","sub-0050441_ses-1_run-1",1.2,1,1.1
"sub-0050442","sub-0050442_ses-1_run-1",1,1,1
"sub-0050443","sub-0050443_ses-1_run-1",1,1,1
"sub-0050444","sub-0050444_ses-1_run-1",1,1,1
"sub-0050445","sub-0050445_ses-1_run-1",1,1,1
"sub-0050446","sub-0050446_ses-1_run-1",1,1.2,1.1
"sub-0050447","sub-0050447_ses-1_run-1",1.4,1,1.2
"sub-0050448","sub-0050448_ses-1_run-1",1,1,1
"sub-0050449","sub-0050449_ses-1_run-1",1.1,1,1.05
"sub-0050450","sub-0050450_ses-1_run-1",1.4,1,1.2
"sub-0050451","sub-0050451_ses-1_run-1",1,1,1
"sub-0050452","sub-0050452_ses-1_run-1",1,1,1
"sub-0050453","sub-0050453_ses-1_run-1",1.5,1,1.25
"sub-0050454","sub-0050454_ses-1_run-1",1,1,1
"sub-0050455","sub-0050455_ses-1_run-1",2,1,1.5
"sub-0050456","sub-0050456_ses-1_run-1",2.1,1,1.55
"sub-0050457","sub-0050457_ses-1_run-1",1,1,1
"sub-0050458","sub-0050458_ses-1_run-1",1,1,1
"sub-0050459","sub-0050459_ses-1_run-1",1,1,1
"sub-0050460","sub-0050460_ses-1_run-1",1.4,1,1.2
"sub-0050461","sub-0050461_ses-1_run-1",1.1,1,1.05
"sub-0050462","sub-0050462_ses-1_run-1",1,1,1
"sub-0050463","sub-0050463_ses-1_run-1",1.7,1.2,1.45
"sub-0050464","sub-0050464_ses-1_run-1",1.8,1.3,1.55
"sub-0050465","sub-0050465_ses-1_run-1",1,1,1
"sub-0050466","sub-0050466_ses-1_run-1",1,1,1
"sub-0050467","sub-0050467_ses-1_run-1",1.2,1,1.1
"sub-0050468","sub-0050468_ses-1_run-1",1,1.2,1.1
"sub-0050469","sub-0050469_ses-1_run-1",1.4,1,1.2
"sub-0050470","sub-0050470_ses-1_run-1",1.2,1,1.1
"sub-0050471","sub-0050471_ses-1_run-1",1,1,1
"sub-0050472","sub-0050472_ses-1_run-1",1,1,1
"sub-0050473","sub-0050473_ses-1_run-1",1,1,1
"sub-0050474","sub-0050474_ses-1_run-1",1,1,1
"sub-0050475","sub-0050475_ses-1_run-1",1,1,1
"sub-0050476","sub-0050476_ses-1_run-1",1.3,1.1,1.2
"sub-0050477","sub-0050477_ses-1_run-1",1.1,1,1.05
"sub-0050478","sub-0050478_ses-1_run-1",1.1,1,1.05
"sub-0050479","sub-0050479_ses-1_run-1",1,1,1
"sub-0050480","sub-0050480_ses-1_run-1",1.1,1,1.05
"sub-0050481","sub-0050481_ses-1_run-1",1,1,1
"sub-0050482","sub-0050482_ses-1_run-1",1,1,1
"sub-0050483","sub-0050483_ses-1_run-1",1,1.1,1.05
"sub-0050484","sub-0050484_ses-1_run-1",1.1,1,1.05
"sub-0050485","sub-0050485_ses-1_run-1",1.1,1,1.05
"sub-0050486","sub-0050486_ses-1_run-1",1.4,1,1.2
"sub-0050487","sub-0050487_ses-1_run-1",1,1,1
"sub-0050488","sub-0050488_ses-1_run-1",1.1,1,1.05
"sub-0050489","sub-0050489_ses-1_run-1",3.2,1.1,2.15
"sub-0050490","sub-0050490_ses-1_run-1",2,1.2,1.6
"sub-0050491","sub-0050491_ses-1_run-1",1,1,1
"sub-0050492","sub-0050492_ses-1_run-1",1,1,1
"sub-0050493","sub-0050493_ses-1_run-1",1,1,1
"sub-0050494","sub-0050494_ses-1_run-1",1.1,1,1.05
"sub-0050495","sub-0050495_ses-1_run-1",1,1,1
"sub-0050496","sub-0050496_ses-1_run-1",1.6,1.2,1.4
"sub-0050497","sub-0050497_ses-1_run-1",1.4,1,1.2
"sub-0050498","sub-0050498_ses-1_run-1",1,1,1
"sub-0050499","sub-0050499_ses-1_run-1",1,1,1
"sub-0050500","sub-0050500_ses-1_run-1",1.1,1,1.05
"sub-0050501","sub-0050501_ses-1_run-1",1.3,1,1.15
"sub-0050502","sub-0050502_ses-1_run-1",1.1,1,1.05
"sub-0050503","sub-0050503_ses-1_run-1",1.1,1,1.05
"sub-0050504","sub-0050504_ses-1_run-1",1.9,1,1.45
"sub-0050505","sub-0050505_ses-1_run-1",1,1,1
"sub-0050506","sub-0050506_ses-1_run-1",1,1,1
"sub-0050507","sub-0050507_ses-1_run-1",1,1,1
"sub-0050508","sub-0050508_ses-1_run-1",1,1,1
"sub-0050509","sub-0050509_ses-1_run-1",2.8,1.2,2
"sub-0050510","sub-0050510_ses-1_run-1",1.2,1,1.1
"sub-0050511","sub-0050511_ses-1_run-1",3,1.3,2.15
"sub-0050512","sub-0050512_ses-1_run-1",1,1,1
"sub-0050513","sub-0050513_ses-1_run-1",1.1,1,1.05
"sub-0050514","sub-0050514_ses-1_run-1",1.1,1,1.05
"sub-0050515","sub-0050515_ses-1_run-1",1,1.1,1.05
"sub-0050516","sub-0050516_ses-1_run-1",1.1,1,1.05
"sub-0050517","sub-0050517_ses-1_run-1",1.875,1.375,1.625
"sub-0050518","sub-0050518_ses-1_run-1",1,1,1
"sub-0050519","sub-0050519_ses-1_run-1",2.8,1,1.9
"sub-0050520","sub-0050520_ses-1_run-1",1.2,1,1.1
"sub-0050521","sub-0050521_ses-1_run-1",1.4,1,1.2
"sub-0050522","sub-0050522_ses-1_run-1",2.2,1.2,1.7
"sub-0050523","sub-0050523_ses-1_run-1",1,1,1
"sub-0050524","sub-0050524_ses-1_run-1",2.5,1.2,1.85
"sub-0050525","sub-0050525_ses-1_run-1",1.625,1.125,1.375
"sub-0050526","sub-0050526_ses-1_run-1",1,1,1
"sub-0050527","sub-0050527_ses-1_run-1",1.3,1,1.15
"sub-0050528","sub-0050528_ses-1_run-1",2.2,1,1.6
"sub-0050529","sub-0050529_ses-1_run-1",1.1,1,1.05
"sub-0050530","sub-0050530_ses-1_run-1",1,1,1
"sub-0050531","sub-0050531_ses-1_run-1",1.6,1,1.3
"sub-0050532","sub-0050532_ses-1_run-1",1.7,1,1.35
"sub-0050551","sub-0050551_ses-1_run-1",2.4,1.4,1.9
"sub-0050552","sub-0050552_ses-1_run-1",2,1,1.5
"sub-0050553","sub-0050553_ses-1_run-1",3.3,1.2,2.25
"sub-0050554","sub-0050554_ses-1_run-1",1.71428571428571,1,1.35714285714286
"sub-0050555","sub-0050555_ses-1_run-1",2,1,1.5
"sub-0050556","sub-0050556_ses-1_run-1",2,1,1.5
"sub-0050557","sub-0050557_ses-1_run-1",1.3,1,1.15
"sub-0050558","sub-0050558_ses-1_run-1",1.1,1,1.05
"sub-0050559","sub-0050559_ses-1_run-1",2.1,1,1.55
"sub-0050560","sub-0050560_ses-1_run-1",3,1.2,2.1
"sub-0050561","sub-0050561_ses-1_run-1",2.4,1.2,1.8
"sub-0050562","sub-0050562_ses-1_run-1",3,1.6,2.3
"sub-0050563","sub-0050563_ses-1_run-1",2.6,1.6,2.1
"sub-0050564","sub-0050564_ses-1_run-1",3.3,1.5,2.4
"sub-0050565","sub-0050565_ses-1_run-1",3,1.4,2.2
"sub-0050566","sub-0050566_ses-1_run-1",3,1.1,2.05
"sub-0050567","sub-0050567_ses-1_run-1",2.6,1.4,2
"sub-0050568","sub-0050568_ses-1_run-1",1.5,1,1.25
"sub-0050569","sub-0050569_ses-1_run-1",3.2,1,2.1
"sub-0050570","sub-0050570_ses-1_run-1",2.6,1,1.8
"sub-0050571","sub-0050571_ses-1_run-1",3,1.2,2.1
"sub-0050572","sub-0050572_ses-1_run-1",1.3,1,1.15
"sub-0050573","sub-0050573_ses-1_run-1",2.9,1.5,2.2
"sub-0050574","sub-0050574_ses-1_run-1",2.2,1.2,1.7
"sub-0050575","sub-0050575_ses-1_run-1",3.1,1.7,2.4
"sub-0050576","sub-0050576_ses-1_run-1",2.8,1.2,2
"sub-0050577","sub-0050577_ses-1_run-1",1.5,1,1.25
"sub-0050578","sub-0050578_ses-1_run-1",3,1.3,2.15
"sub-0050601","sub-0050601_ses-1_run-1",1.4,1,1.2
"sub-0050602","sub-0050602_ses-1_run-1",3,1.2,2.1
"sub-0050603","sub-0050603_ses-1_run-1",1.1,1,1.05
"sub-0050604","sub-0050604_ses-1_run-1",3.1,1.4,2.25
"sub-0050605","sub-0050605_ses-1_run-1",3.3,1.9,2.6
"sub-0050606","sub-0050606_ses-1_run-1",3,1.2,2.1
"sub-0050607","sub-0050607_ses-1_run-1",1.1,1.4,1.25
"sub-0050608","sub-0050608_ses-1_run-1",1.9,1.1,1.5
"sub-0050609","sub-0050609_ses-1_run-1",3.1,1.1,2.1
"sub-0050610","sub-0050610_ses-1_run-1",2.8,1,1.9
"sub-0050611","sub-0050611_ses-1_run-1",3.1,1.2,2.15
"sub-0050612","sub-0050612_ses-1_run-1",3.2,1.7,2.45
"sub-0050613","sub-0050613_ses-1_run-1",3,1,2
"sub-0050614","sub-0050614_ses-1_run-1",3.1,1.2,2.15
"sub-0050615","sub-0050615_ses-1_run-1",3,1.2,2.1
"sub-0050616","sub-0050616_ses-1_run-1",2.8,1,1.9
"sub-0050617","sub-0050617_ses-1_run-1",3.5,2.8,3.15
"sub-0050618","sub-0050618_ses-1_run-1",4,3.9,3.95
"sub-0050619","sub-0050619_ses-1_run-1",1.4,1,1.2
"sub-0050620","sub-0050620_ses-1_run-1",3.3,1.1,2.2
"sub-0050621","sub-0050621_ses-1_run-1",3,1.1,2.05
"sub-0050622","sub-0050622_ses-1_run-1",3.2,1.8,2.5
"sub-0050623","sub-0050623_ses-1_run-1",1.2,1,1.1
"sub-0050624","sub-0050624_ses-1_run-1",2.8,1.1,1.95
"sub-0050625","sub-0050625_ses-1_run-1",3,1.8,2.4
"sub-0050626","sub-0050626_ses-1_run-1",3.1,1,2.05
"sub-0050627","sub-0050627_ses-1_run-1",3.2,1.2,2.2
"sub-0050628","sub-0050628_ses-1_run-1",3,1,2
"sub-0050642","sub-0050642_ses-1_run-1",1.3,1,1.15
"sub-0050643","sub-0050643_ses-1_run-1",1.1,1,1.05
"sub-0050644","sub-0050644_ses-1_run-1",1,1.2,1.1
"sub-0050645","sub-0050645_ses-1_run-1",1,1.1,1.05
"sub-0050646","sub-0050646_ses-1_run-1",1,1.1,1.05
"sub-0050647","sub-0050647_ses-1_run-1",1,1,1
"sub-0050648","sub-0050648_ses-1_run-1",1,1,1
"sub-0050649","sub-0050649_ses-1_run-1",1.7,1.1,1.4
"sub-0050650","sub-0050650_ses-1_run-1",1,1,1
"sub-0050651","sub-0050651_ses-1_run-1",1.4,1,1.2
"sub-0050652","sub-0050652_ses-1_run-1",1.2,1,1.1
"sub-0050653","sub-0050653_ses-1_run-1",1.4,1,1.2
"sub-0050654","sub-0050654_ses-1_run-1",1.1,1,1.05
"sub-0050655","sub-0050655_ses-1_run-1",1.4,1.2,1.3
"sub-0050656","sub-0050656_ses-1_run-1",1,1,1
"sub-0050658","sub-0050658_ses-1_run-1",1,1,1
"sub-0050660","sub-0050660_ses-1_run-1",1.1,1,1.05
"sub-0050661","sub-0050661_ses-1_run-1",1.6,1,1.3
"sub-0050663","sub-0050663_ses-1_run-1",1.2,1,1.1
"sub-0050664","sub-0050664_ses-1_run-1",1,1,1
"sub-0050665","sub-0050665_ses-1_run-1",1,1,1
"sub-0050666","sub-0050666_ses-1_run-1",1.1,1,1.05
"sub-0050667","sub-0050667_ses-1_run-1",1.2,1,1.1
"sub-0050668","sub-0050668_ses-1_run-1",1.1,1,1.05
"sub-0050669","sub-0050669_ses-1_run-1",1.2,1,1.1
"sub-0050682","sub-0050682_ses-1_run-1",3.4,1.6,2.5
"sub-0050685","sub-0050685_ses-1_run-1",2.7,1.2,1.95
"sub-0050686","sub-0050686_ses-1_run-1",2.3,1,1.65
"sub-0050687","sub-0050687_ses-1_run-1",1.2,1,1.1
"sub-0050688","sub-0050688_ses-1_run-1",1.4,1,1.2
"sub-0050689","sub-0050689_ses-1_run-1",1.3,1.1,1.2
"sub-0050691","sub-0050691_ses-1_run-1",1.7,1.3,1.5
"sub-0050692","sub-0050692_ses-1_run-1",1.1,1,1.05
"sub-0050693","sub-0050693_ses-1_run-1",1.1,1.2,1.15
"sub-0050694","sub-0050694_ses-1_run-1",1.3,1.1,1.2
"sub-0050695","sub-0050695_ses-1_run-1",2.9,1,1.95
"sub-0050696","sub-0050696_ses-1_run-1",1,1,1
"sub-0050697","sub-0050697_ses-1_run-1",1.5,1,1.25
"sub-0050698","sub-0050698_ses-1_run-1",1.2,1,1.1
"sub-0050699","sub-0050699_ses-1_run-1",2.2,1,1.6
"sub-0050700","sub-0050700_ses-1_run-1",1.2,1,1.1
"sub-0050701","sub-0050701_ses-1_run-1",2.4,1,1.7
"sub-0050702","sub-0050702_ses-1_run-1",1.4,1,1.2
"sub-0050703","sub-0050703_ses-1_run-1",1,1,1
"sub-0050704","sub-0050704_ses-1_run-1",1.1,1,1.05
"sub-0050705","sub-0050705_ses-1_run-1",1,1.2,1.1
"sub-0050706","sub-0050706_ses-1_run-1",1,1.3,1.15
"sub-0050707","sub-0050707_ses-1_run-1",1.2,1,1.1
"sub-0050708","sub-0050708_ses-1_run-1",1,1,1
"sub-0050709","sub-0050709_ses-1_run-1",1.1,1,1.05
"sub-0050710","sub-0050710_ses-1_run-1",1,1.2,1.1
"sub-0050711","sub-0050711_ses-1_run-1",1.16666666666667,1.16666666666667,1.16666666666667
"sub-0050722","sub-0050722_ses-1_run-1",1.33333333333333,1.16666666666667,1.25
"sub-0050723","sub-0050723_ses-1_run-1",1.2,1,1.1
"sub-0050724","sub-0050724_ses-1_run-1",1,1,1
"sub-0050725","sub-0050725_ses-1_run-1",2,1.1,1.55
"sub-0050726","sub-0050726_ses-1_run-1",1.7,1,1.35
"sub-0050727","sub-0050727_ses-1_run-1",1.4,1,1.2
"sub-0050728","sub-0050728_ses-1_run-1",1.4,1,1.2
"sub-0050730","sub-0050730_ses-1_run-1",2.9,1,1.95
"sub-0050731","sub-0050731_ses-1_run-1",1.2,1,1.1
"sub-0050732","sub-0050732_ses-1_run-1",1.1,1,1.05
"sub-0050733","sub-0050733_ses-1_run-1",1,1,1
"sub-0050734","sub-0050734_ses-1_run-1",1.5,1,1.25
"sub-0050735","sub-0050735_ses-1_run-1",1.1,1,1.05
"sub-0050736","sub-0050736_ses-1_run-1",1,1,1
"sub-0050737","sub-0050737_ses-1_run-1",1.5,1,1.25
"sub-0050738","sub-0050738_ses-1_run-1",1.6,1,1.3
"sub-0050739","sub-0050739_ses-1_run-1",1,1,1
"sub-0050740","sub-0050740_ses-1_run-1",1.6,1,1.3
"sub-0050741","sub-0050741_ses-1_run-1",1.5,1,1.25
"sub-0050742","sub-0050742_ses-1_run-1",1.2,1,1.1
"sub-0050743","sub-0050743_ses-1_run-1",1,1,1
"sub-0050744","sub-0050744_ses-1_run-1",4,1.8,2.9
"sub-0050745","sub-0050745_ses-1_run-1",1.7,1,1.35
"sub-0050746","sub-0050746_ses-1_run-1",1.33333333333333,1,1.16666666666667
"sub-0050747","sub-0050747_ses-1_run-1",1,1,1
"sub-0050748","sub-0050748_ses-1_run-1",1.4,1,1.2
"sub-0050749","sub-0050749_ses-1_run-1",1,1,1
"sub-0050750","sub-0050750_ses-1_run-1",2.6,1.2,1.9
"sub-0050751","sub-0050751_ses-1_run-1",1.5,1,1.25
"sub-0050752","sub-0050752_ses-1_run-1",1,1.4,1.2
"sub-0050753","sub-0050753_ses-1_run-1",1,1.4,1.2
"sub-0050754","sub-0050754_ses-1_run-1",1.8,1,1.4
"sub-0050755","sub-0050755_ses-1_run-1",1.2,1,1.1
"sub-0050756","sub-0050756_ses-1_run-1",1,1,1
"sub-0050757","sub-0050757_ses-1_run-1",1.1,1,1.05
"sub-0050772","sub-0050772_ses-1_run-1",2.8,1.6,2.2
"sub-0050773","sub-0050773_ses-1_run-1",1.2,1,1.1
"sub-0050774","sub-0050774_ses-1_run-1",1,1,1
"sub-0050775","sub-0050775_ses-1_run-1",1.33333333333333,1,1.16666666666667
"sub-0050776","sub-0050776_ses-1_run-1",1.5,1,1.25
"sub-0050777","sub-0050777_ses-1_run-1",1.3,1,1.15
"sub-0050778","sub-0050778_ses-1_run-1",1,1,1
"sub-0050779","sub-0050779_ses-1_run-1",3.9,1.7,2.8
"sub-0050780","sub-0050780_ses-1_run-1",2.6,1,1.8
"sub-0050781","sub-0050781_ses-1_run-1",1.1,1,1.05
"sub-0050782","sub-0050782_ses-1_run-1",1,1,1
"sub-0050783","sub-0050783_ses-1_run-1",1,1,1
"sub-0050784","sub-0050784_ses-1_run-1",3,1.2,2.1
"sub-0050785","sub-0050785_ses-1_run-1",4,3.6,3.8
"sub-0050786","sub-0050786_ses-1_run-1",1.3,1,1.15
"sub-0050787","sub-0050787_ses-1_run-1",3,1.2,2.1
"sub-0050788","sub-0050788_ses-1_run-1",3,1,2
"sub-0050789","sub-0050789_ses-1_run-1",3.2,1.4,2.3
"sub-0050790","sub-0050790_ses-1_run-1",1,1,1
"sub-0050791","sub-0050791_ses-1_run-1",1,1,1
"sub-0050792","sub-0050792_ses-1_run-1",3.3,1.2,2.25
"sub-0050793","sub-0050793_ses-1_run-1",2.4,1,1.7
"sub-0050794","sub-0050794_ses-1_run-1",3,1.2,2.1
"sub-0050795","sub-0050795_ses-1_run-1",3,1.4,2.2
"sub-0050796","sub-0050796_ses-1_run-1",1.4,1,1.2
"sub-0050797","sub-0050797_ses-1_run-1",2.3,1.2,1.75
"sub-0050798","sub-0050798_ses-1_run-1",1.7,1,1.35
"sub-0050799","sub-0050799_ses-1_run-1",1.3,1,1.15
"sub-0050800","sub-0050800_ses-1_run-1",1,1,1
"sub-0050801","sub-0050801_ses-1_run-1",1,1,1
"sub-0050802","sub-0050802_ses-1_run-1",1.6,1,1.3
"sub-0050803","sub-0050803_ses-1_run-1",1.2,1,1.1
"sub-0050804","sub-0050804_ses-1_run-1",1.8,1.2,1.5
"sub-0050805","sub-0050805_ses-1_run-1",1,1,1
"sub-0050806","sub-0050806_ses-1_run-1",3,1.4,2.2
"sub-0050807","sub-0050807_ses-1_run-1",1,1.2,1.1
"sub-0050808","sub-0050808_ses-1_run-1",2.4,1.2,1.8
"sub-0050809","sub-0050809_ses-1_run-1",1.4,1,1.2
"sub-0050810","sub-0050810_ses-1_run-1",1.1,1,1.05
"sub-0050811","sub-0050811_ses-1_run-1",1.8,1,1.4
"sub-0050812","sub-0050812_ses-1_run-1",3,1.4,2.2
"sub-0050813","sub-0050813_ses-1_run-1",1,1,1
"sub-0050814","sub-0050814_ses-1_run-1",1.1,1.2,1.15
"sub-0050815","sub-0050815_ses-1_run-1",3.9,3.7,3.8
"sub-0050816","sub-0050816_ses-1_run-1",3,1,2
"sub-0050817","sub-0050817_ses-1_run-1",1.6,1,1.3
"sub-0050818","sub-0050818_ses-1_run-1",1,1,1
"sub-0050819","sub-0050819_ses-1_run-1",1.1,1,1.05
"sub-0050820","sub-0050820_ses-1_run-1",1,1,1
"sub-0050821","sub-0050821_ses-1_run-1",1.6,1,1.3
"sub-0050822","sub-0050822_ses-1_run-1",1.3,1,1.15
"sub-0050823","sub-0050823_ses-1_run-1",1.2,1,1.1
"sub-0050824","sub-0050824_ses-1_run-1",3,1.1,2.05
"sub-0050825","sub-0050825_ses-1_run-1",3,1.6,2.3
"sub-0050826","sub-0050826_ses-1_run-1",4,3.5,3.75
"sub-0050952","sub-0050952_ses-1_run-1",2.7,1,1.85
"sub-0050953","sub-0050953_ses-1_run-1",1,1,1
"sub-0050954","sub-0050954_ses-1_run-1",1,1,1
"sub-0050955","sub-0050955_ses-1_run-1",3.1,1.5,2.3
"sub-0050956","sub-0050956_ses-1_run-1",1,1,1
"sub-0050957","sub-0050957_ses-1_run-1",3.1,1.4,2.25
"sub-0050958","sub-0050958_ses-1_run-1",2,1,1.5
"sub-0050959","sub-0050959_ses-1_run-1",1.1,1,1.05
"sub-0050960","sub-0050960_ses-1_run-1",1.3,1,1.15
"sub-0050961","sub-0050961_ses-1_run-1",1.2,1.2,1.2
"sub-0050962","sub-0050962_ses-1_run-1",1.2,1,1.1
"sub-0050964","sub-0050964_ses-1_run-1",1.5,1,1.25
"sub-0050965","sub-0050965_ses-1_run-1",3,1.2,2.1
"sub-0050966","sub-0050966_ses-1_run-1",1.1,1,1.05
"sub-0050967","sub-0050967_ses-1_run-1",1,1,1
"sub-0050968","sub-0050968_ses-1_run-1",3,1.2,2.1
"sub-0050969","sub-0050969_ses-1_run-1",1.4,1.1,1.25
"sub-0050970","sub-0050970_ses-1_run-1",1.2,1,1.1
"sub-0050971","sub-0050971_ses-1_run-1",1,1,1
"sub-0050972","sub-0050972_ses-1_run-1",1,1,1
"sub-0050973","sub-0050973_ses-1_run-1",1,1,1
"sub-0050974","sub-0050974_ses-1_run-1",1,1,1
"sub-0050975","sub-0050975_ses-1_run-1",3,1,2
"sub-0050976","sub-0050976_ses-1_run-1",1,1,1
"sub-0050977","sub-0050977_ses-1_run-1",1.6,1.2,1.4
"sub-0050978","sub-0050978_ses-1_run-1",1,1,1
"sub-0050979","sub-0050979_ses-1_run-1",1.6,1,1.3
"sub-0050980","sub-0050980_ses-1_run-1",1,1,1
"sub-0050981","sub-0050981_ses-1_run-1",2.4,1.2,1.8
"sub-0050982","sub-0050982_ses-1_run-1",2.3,1,1.65
"sub-0050983","sub-0050983_ses-1_run-1",3,1,2
"sub-0050984","sub-0050984_ses-1_run-1",1.1,1,1.05
"sub-0050985","sub-0050985_ses-1_run-1",1.1,1,1.05
"sub-0050986","sub-0050986_ses-1_run-1",2.5,1.1,1.8
"sub-0050987","sub-0050987_ses-1_run-1",3.5,1.5,2.5
"sub-0050988","sub-0050988_ses-1_run-1",2.8,1,1.9
"sub-0050989","sub-0050989_ses-1_run-1",2.6,1.6,2.1
"sub-0050990","sub-0050990_ses-1_run-1",1,1,1
"sub-0050991","sub-0050991_ses-1_run-1",1.1,1.2,1.15
"sub-0050992","sub-0050992_ses-1_run-1",1.2,1,1.1
"sub-0050993","sub-0050993_ses-1_run-1",1,1,1
"sub-0050994","sub-0050994_ses-1_run-1",1,1,1
"sub-0050995","sub-0050995_ses-1_run-1",1,1,1
"sub-0050996","sub-0050996_ses-1_run-1",1.2,1,1.1
"sub-0050997","sub-0050997_ses-1_run-1",1,1,1
"sub-0050998","sub-0050998_ses-1_run-1",3.4,1.7,2.55
"sub-0050999","sub-0050999_ses-1_run-1",2.1,1,1.55
"sub-0051000","sub-0051000_ses-1_run-1",2,1,1.5
"sub-0051001","sub-0051001_ses-1_run-1",2.1,1.2,1.65
"sub-0051002","sub-0051002_ses-1_run-1",1.3,1.1,1.2
"sub-0051003","sub-0051003_ses-1_run-1",3,1,2
"sub-0051006","sub-0051006_ses-1_run-1",2.2,1,1.6
"sub-0051007","sub-0051007_ses-1_run-1",1.5,1,1.25
"sub-0051008","sub-0051008_ses-1_run-1",3.1,1.4,2.25
"sub-0051009","sub-0051009_ses-1_run-1",1.2,1,1.1
"sub-0051010","sub-0051010_ses-1_run-1",1.8,1.1,1.45
"sub-0051011","sub-0051011_ses-1_run-1",1.4,1,1.2
"sub-0051012","sub-0051012_ses-1_run-1",1.2,1.1,1.15
"sub-0051013","sub-0051013_ses-1_run-1",1,1,1
"sub-0051014","sub-0051014_ses-1_run-1",1.11111111111111,1,1.05555555555556
"sub-0051015","sub-0051015_ses-1_run-1",1,1,1
"sub-0051016","sub-0051016_ses-1_run-1",1,1,1
"sub-0051017","sub-0051017_ses-1_run-1",1.7,1.2,1.45
"sub-0051018","sub-0051018_ses-1_run-1",1,1,1
"sub-0051019","sub-0051019_ses-1_run-1",1,1,1
"sub-0051020","sub-0051020_ses-1_run-1",1,1,1
"sub-0051021","sub-0051021_ses-1_run-1",2.7,1.1,1.9
"sub-0051023","sub-0051023_ses-1_run-1",1.7,1,1.35
"sub-0051024","sub-0051024_ses-1_run-1",1.4,1,1.2
"sub-0051025","sub-0051025_ses-1_run-1",1,1,1
"sub-0051026","sub-0051026_ses-1_run-1",1,1,1
"sub-0051027","sub-0051027_ses-1_run-1",1.3,1,1.15
"sub-0051028","sub-0051028_ses-1_run-1",1,1,1
"sub-0051029","sub-0051029_ses-1_run-1",1,1,1
"sub-0051030","sub-0051030_ses-1_run-1",2.4,1,1.7
"sub-0051032","sub-0051032_ses-1_run-1",1,1,1
"sub-0051033","sub-0051033_ses-1_run-1",3.5,1.6,2.55
"sub-0051034","sub-0051034_ses-1_run-1",3.1,1,2.05
"sub-0051035","sub-0051035_ses-1_run-1",2.7,1.2,1.95
"sub-0051036","sub-0051036_ses-1_run-1",1.4,1,1.2
"sub-0051038","sub-0051038_ses-1_run-1",1,1,1
"sub-0051039","sub-0051039_ses-1_run-1",1,1,1
"sub-0051040","sub-0051040_ses-1_run-1",1,1,1
"sub-0051041","sub-0051041_ses-1_run-1",1.4,1,1.2
"sub-0051042","sub-0051042_ses-1_run-1",2.8,1.2,2
"sub-0051044","sub-0051044_ses-1_run-1",1.7,1,1.35
"sub-0051045","sub-0051045_ses-1_run-1",2,1,1.5
"sub-0051046","sub-0051046_ses-1_run-1",1,1,1
"sub-0051047","sub-0051047_ses-1_run-1",1,1,1
"sub-0051048","sub-0051048_ses-1_run-1",1,1,1
"sub-0051049","sub-0051049_ses-1_run-1",1,1,1
"sub-0051050","sub-0051050_ses-1_run-1",1,1,1
"sub-0051051","sub-0051051_ses-1_run-1",1,1,1
"sub-0051052","sub-0051052_ses-1_run-1",1,1,1
"sub-0051053","sub-0051053_ses-1_run-1",1,1,1
"sub-0051054","sub-0051054_ses-1_run-1",1.2,1,1.1
"sub-0051055","sub-0051055_ses-1_run-1",1.3,1,1.15
"sub-0051056","sub-0051056_ses-1_run-1",1,1,1
"sub-0051057","sub-0051057_ses-1_run-1",1,1,1
"sub-0051058","sub-0051058_ses-1_run-1",1,1,1
"sub-0051059","sub-0051059_ses-1_run-1",1,1,1
"sub-0051060","sub-0051060_ses-1_run-1",1,1,1
"sub-0051061","sub-0051061_ses-1_run-1",1,1,1
"sub-0051062","sub-0051062_ses-1_run-1",1,1,1
"sub-0051063","sub-0051063_ses-1_run-1",1,1,1
"sub-0051064","sub-0051064_ses-1_run-1",1,1,1
"sub-0051065","sub-0051065_ses-1_run-1",1,1,1
"sub-0051066","sub-0051066_ses-1_run-1",1,1,1
"sub-0051067","sub-0051067_ses-1_run-1",1,1,1
"sub-0051068","sub-0051068_ses-1_run-1",1.1,1,1.05
"sub-0051069","sub-0051069_ses-1_run-1",1.2,1,1.1
"sub-0051070","sub-0051070_ses-1_run-1",2.4,1,1.7
"sub-0051071","sub-0051071_ses-1_run-1",3.4,2,2.7
"sub-0051072","sub-0051072_ses-1_run-1",1.1,1,1.05
"sub-0051073","sub-0051073_ses-1_run-1",1,1,1
"sub-0051074","sub-0051074_ses-1_run-1",1.11111111111111,1,1.05555555555556
"sub-0051075","sub-0051075_ses-1_run-1",1.2,1.2,1.2
"sub-0051076","sub-0051076_ses-1_run-1",1,1,1
"sub-0051077","sub-0051077_ses-1_run-1",1,1.2,1.1
"sub-0051078","sub-0051078_ses-1_run-1",1,1,1
"sub-0051079","sub-0051079_ses-1_run-1",1,1,1
"sub-0051080","sub-0051080_ses-1_run-1",1.42857142857143,1.28571428571429,1.35714285714286
"sub-0051081","sub-0051081_ses-1_run-1",1,1,1
"sub-0051082","sub-0051082_ses-1_run-1",1,1,1
"sub-0051083","sub-0051083_ses-1_run-1",1.1,1,1.05
"sub-0051084","sub-0051084_ses-1_run-1",1.6,1,1.3
"sub-0051085","sub-0051085_ses-1_run-1",1,1.1,1.05
"sub-0051086","sub-0051086_ses-1_run-1",1,1.2,1.1
"sub-0051087","sub-0051087_ses-1_run-1",1.5,1,1.25
"sub-0051088","sub-0051088_ses-1_run-1",1.6,1,1.3
"sub-0051089","sub-0051089_ses-1_run-1",2.1,1.2,1.65
"sub-0051090","sub-0051090_ses-1_run-1",1.6,1,1.3
"sub-0051091","sub-0051091_ses-1_run-1",1,1,1
"sub-0051093","sub-0051093_ses-1_run-1",1.1,1.1,1.1
"sub-0051094","sub-0051094_ses-1_run-1",1.4,1,1.2
"sub-0051095","sub-0051095_ses-1_run-1",2.16666666666667,1.16666666666667,1.66666666666667
"sub-0051096","sub-0051096_ses-1_run-1",1,1,1
"sub-0051097","sub-0051097_ses-1_run-1",2,1.33333333333333,1.66666666666667
"sub-0051098","sub-0051098_ses-1_run-1",1,1,1
"sub-0051099","sub-0051099_ses-1_run-1",1,1.1,1.05
"sub-0051100","sub-0051100_ses-1_run-1",1.3,1,1.15
"sub-0051101","sub-0051101_ses-1_run-1",1,1,1
"sub-0051102","sub-0051102_ses-1_run-1",1,1,1
"sub-0051103","sub-0051103_ses-1_run-1",1.1,1,1.05
"sub-0051104","sub-0051104_ses-1_run-1",1,1,1
"sub-0051105","sub-0051105_ses-1_run-1",1,1,1
"sub-0051106","sub-0051106_ses-1_run-1",1,1,1
"sub-0051107","sub-0051107_ses-1_run-1",1,1,1
"sub-0051108","sub-0051108_ses-1_run-1",1,1,1
"sub-0051109","sub-0051109_ses-1_run-1",3,1.5,2.25
"sub-0051110","sub-0051110_ses-1_run-1",1,1,1
"sub-0051111","sub-0051111_ses-1_run-1",1,1,1
"sub-0051112","sub-0051112_ses-1_run-1",1.3,1,1.15
"sub-0051113","sub-0051113_ses-1_run-1",1,1,1
"sub-0051114","sub-0051114_ses-1_run-1",1,1,1
"sub-0051115","sub-0051115_ses-1_run-1",1,1,1
"sub-0051116","sub-0051116_ses-1_run-1",1.4,1,1.2
"sub-0051117","sub-0051117_ses-1_run-1",1,1,1
"sub-0051118","sub-0051118_ses-1_run-1",1,1,1
"sub-0051119","sub-0051119_ses-1_run-1",1,1,1
"sub-0051120","sub-0051120_ses-1_run-1",3,1.6,2.3
"sub-0051121","sub-0051121_ses-1_run-1",1,1,1
"sub-0051122","sub-0051122_ses-1_run-1",1.7,1,1.35
"sub-0051123","sub-0051123_ses-1_run-1",1,1,1
"sub-0051124","sub-0051124_ses-1_run-1",1,1,1
"sub-0051125","sub-0051125_ses-1_run-1",1.1,1,1.05
"sub-0051126","sub-0051126_ses-1_run-1",1,1,1
"sub-0051127","sub-0051127_ses-1_run-1",3,1,2
"sub-0051128","sub-0051128_ses-1_run-1",1,1,1
"sub-0051129","sub-0051129_ses-1_run-1",1.1,1,1.05
"sub-0051130","sub-0051130_ses-1_run-1",1,1,1
"sub-0051131","sub-0051131_ses-1_run-1",1,1,1
"sub-0051132","sub-0051132_ses-1_run-1",1,1,1
"sub-0051134","sub-0051134_ses-1_run-1",1,1,1
"sub-0051135","sub-0051135_ses-1_run-1",1.1,1,1.05
"sub-0051136","sub-0051136_ses-1_run-1",2.3,1.4,1.85
"sub-0051137","sub-0051137_ses-1_run-1",1.3,1,1.15
"sub-0051138","sub-0051138_ses-1_run-1",1.1,1,1.05
"sub-0051139","sub-0051139_ses-1_run-1",1,1,1
"sub-0051140","sub-0051140_ses-1_run-1",1.28571428571429,1,1.14285714285714
"sub-0051141","sub-0051141_ses-1_run-1",1,1,1
"sub-0051142","sub-0051142_ses-1_run-1",1,1,1
"sub-0051146","sub-0051146_ses-1_run-1",1,1,1
"sub-0051147","sub-0051147_ses-1_run-1",1,1,1
"sub-0051148","sub-0051148_ses-1_run-1",1,1,1
"sub-0051149","sub-0051149_ses-1_run-1",1.1,1,1.05
"sub-0051150","sub-0051150_ses-1_run-1",1.2,1,1.1
"sub-0051151","sub-0051151_ses-1_run-1",1,1,1
"sub-0051152","sub-0051152_ses-1_run-1",1.6,1.2,1.4
"sub-0051153","sub-0051153_ses-1_run-1",1.66666666666667,1,1.33333333333333
"sub-0051154","sub-0051154_ses-1_run-1",1,1,1
"sub-0051155","sub-0051155_ses-1_run-1",1.5,1,1.25
"sub-0051156","sub-0051156_ses-1_run-1",1.2,1,1.1
"sub-0051159","sub-0051159_ses-1_run-1",1.2,1,1.1
"sub-0051161","sub-0051161_ses-1_run-1",3.8,2,2.9
"sub-0051162","sub-0051162_ses-1_run-1",3.9,2.1,3
"sub-0051164","sub-0051164_ses-1_run-1",4,2.1,3.05
"sub-0051165","sub-0051165_ses-1_run-1",4,2.5,3.25
"sub-0051166","sub-0051166_ses-1_run-1",4,2.9,3.45
"sub-0051167","sub-0051167_ses-1_run-1",3.5,1.7,2.6
"sub-0051168","sub-0051168_ses-1_run-1",3.4,1.3,2.35
"sub-0051169","sub-0051169_ses-1_run-1",4,1.4,2.7
"sub-0051170","sub-0051170_ses-1_run-1",4,1.1,2.55
"sub-0051171","sub-0051171_ses-1_run-1",4,1,2.5
"sub-0051172","sub-0051172_ses-1_run-1",4,1.4,2.7
"sub-0051173","sub-0051173_ses-1_run-1",4,1.9,2.95
"sub-0051174","sub-0051174_ses-1_run-1",4,2.3,3.15
"sub-0051175","sub-0051175_ses-1_run-1",4,2.2,3.1
"sub-0051176","sub-0051176_ses-1_run-1",4,3.3,3.65
"sub-0051177","sub-0051177_ses-1_run-1",3.6,1.2,2.4
"sub-0051178","sub-0051178_ses-1_run-1",3.8,1.3,2.55
"sub-0051179","sub-0051179_ses-1_run-1",4,1.4,2.7
"sub-0051180","sub-0051180_ses-1_run-1",4,1.4,2.7
"sub-0051181","sub-0051181_ses-1_run-1",4,1.5,2.75
"sub-0051182","sub-0051182_ses-1_run-1",3.8,1.2,2.5
"sub-0051183","sub-0051183_ses-1_run-1",3.7,2.3,3
"sub-0051184","sub-0051184_ses-1_run-1",3.8,1.5,2.65
"sub-0051185","sub-0051185_ses-1_run-1",4,2.2,3.1
"sub-0051186","sub-0051186_ses-1_run-1",4,3.2,3.6
"sub-0051187","sub-0051187_ses-1_run-1",4,2,3
"sub-0051188","sub-0051188_ses-1_run-1",4,1.2,2.6
"sub-0051189","sub-0051189_ses-1_run-1",4,2,3
"sub-0051190","sub-0051190_ses-1_run-1",4,3,3.5
"sub-0051192","sub-0051192_ses-1_run-1",4,1.8,2.9
"sub-0051193","sub-0051193_ses-1_run-1",4,2.6,3.3
"sub-0051194","sub-0051194_ses-1_run-1",2.5,1,1.75
"sub-0051195","sub-0051195_ses-1_run-1",4,2.9,3.45
"sub-0051196","sub-0051196_ses-1_run-1",4,1.4,2.7
"sub-0051197","sub-0051197_ses-1_run-1",4,1.4,2.7
"sub-0051198","sub-0051198_ses-1_run-1",4,1.2,2.6
"sub-0051199","sub-0051199_ses-1_run-1",4,3.6,3.8
"sub-0051201","sub-0051201_ses-1_run-1",3.1,1.6,2.35
"sub-0051202","sub-0051202_ses-1_run-1",1.1,1,1.05
"sub-0051203","sub-0051203_ses-1_run-1",1.3,1,1.15
"sub-0051204","sub-0051204_ses-1_run-1",1,1,1
"sub-0051205","sub-0051205_ses-1_run-1",1.3,1,1.15
"sub-0051206","sub-0051206_ses-1_run-1",1,1,1
"sub-0051207","sub-0051207_ses-1_run-1",1.1,1,1.05
"sub-0051208","sub-0051208_ses-1_run-1",1,1,1
"sub-0051209","sub-0051209_ses-1_run-1",3.2,1.6,2.4
"sub-0051210","sub-0051210_ses-1_run-1",1.2,1.1,1.15
"sub-0051211","sub-0051211_ses-1_run-1",3,1.8,2.4
"sub-0051212","sub-0051212_ses-1_run-1",3,1,2
"sub-0051213","sub-0051213_ses-1_run-1",4,4,4
"sub-0051214","sub-0051214_ses-1_run-1",1.7,1,1.35
"sub-0051215","sub-0051215_ses-1_run-1",3,1,2
"sub-0051216","sub-0051216_ses-1_run-1",1.5,1,1.25
"sub-0051217","sub-0051217_ses-1_run-1",1.1,1.1,1.1
"sub-0051218","sub-0051218_ses-1_run-1",1,1,1
"sub-0051219","sub-0051219_ses-1_run-1",1.8,1,1.4
"sub-0051220","sub-0051220_ses-1_run-1",1.4,1.4,1.4
"sub-0051221","sub-0051221_ses-1_run-1",2,1,1.5
"sub-0051222","sub-0051222_ses-1_run-1",1,1,1
"sub-0051223","sub-0051223_ses-1_run-1",1,1,1
"sub-0051224","sub-0051224_ses-1_run-1",1,1,1
"sub-0051225","sub-0051225_ses-1_run-1",1.4,1,1.2
"sub-0051226","sub-0051226_ses-1_run-1",1.9,1,1.45
"sub-0051227","sub-0051227_ses-1_run-1",3.9,1.8,2.85
"sub-0051228","sub-0051228_ses-1_run-1",3.1,1,2.05
"sub-0051229","sub-0051229_ses-1_run-1",1,1,1
"sub-0051230","sub-0051230_ses-1_run-1",1,1,1
"sub-0051231","sub-0051231_ses-1_run-1",1,1,1
"sub-0051234","sub-0051234_ses-1_run-1",1,1,1
"sub-0051235","sub-0051235_ses-1_run-1",1,1,1
"sub-0051236","sub-0051236_ses-1_run-1",1,1,1
"sub-0051237","sub-0051237_ses-1_run-1",1,1,1
"sub-0051238","sub-0051238_ses-1_run-1",3.7,2.3,3
"sub-0051239","sub-0051239_ses-1_run-1",2.1,1,1.55
"sub-0051240","sub-0051240_ses-1_run-1",1,1,1
"sub-0051241","sub-0051241_ses-1_run-1",1,1,1
"sub-0051248","sub-0051248_ses-1_run-1",1.6,1,1.3
"sub-0051249","sub-0051249_ses-1_run-1",1.2,1,1.1
"sub-0051250","sub-0051250_ses-1_run-1",3.2,1.2,2.2
"sub-0051251","sub-0051251_ses-1_run-1",2.2,1,1.6
"sub-0051252","sub-0051252_ses-1_run-1",1.5,1,1.25
"sub-0051253","sub-0051253_ses-1_run-1",1,1,1
"sub-0051254","sub-0051254_ses-1_run-1",1,1,1
"sub-0051255","sub-0051255_ses-1_run-1",1,1,1
"sub-0051256","sub-0051256_ses-1_run-1",1,1,1
"sub-0051257","sub-0051257_ses-1_run-1",1.8,1,1.4
"sub-0051258","sub-0051258_ses-1_run-1",3,1.5,2.25
"sub-0051259","sub-0051259_ses-1_run-1",1.2,1,1.1
"sub-0051260","sub-0051260_ses-1_run-1",1,1,1
"sub-0051261","sub-0051261_ses-1_run-1",1,1,1
"sub-0051262","sub-0051262_ses-1_run-1",1,1,1
"sub-0051263","sub-0051263_ses-1_run-1",1,1,1
"sub-0051264","sub-0051264_ses-1_run-1",1,1,1
"sub-0051265","sub-0051265_ses-1_run-1",1,1,1
"sub-0051266","sub-0051266_ses-1_run-1",1,1,1
"sub-0051267","sub-0051267_ses-1_run-1",1,1,1
"sub-0051268","sub-0051268_ses-1_run-1",1.7,1,1.35
"sub-0051269","sub-0051269_ses-1_run-1",1,1,1
"sub-0051271","sub-0051271_ses-1_run-1",1,1,1
"sub-0051272","sub-0051272_ses-1_run-1",1.5,1,1.25
"sub-0051273","sub-0051273_ses-1_run-1",1,1,1
"sub-0051274","sub-0051274_ses-1_run-1",3.2,1.2,2.2
"sub-0051275","sub-0051275_ses-1_run-1",1,1,1
"sub-0051276","sub-0051276_ses-1_run-1",1,1,1
"sub-0051277","sub-0051277_ses-1_run-1",1,1.1,1.05
"sub-0051278","sub-0051278_ses-1_run-1",2.3,1.6,1.95
"sub-0051279","sub-0051279_ses-1_run-1",1,1,1
"sub-0051280","sub-0051280_ses-1_run-1",1.44444444444444,1,1.22222222222222
"sub-0051281","sub-0051281_ses-1_run-1",1.2,1,1.1
"sub-0051282","sub-0051282_ses-1_run-1",3,1.3,2.15
"sub-0051291","sub-0051291_ses-1_run-1",1,1,1
"sub-0051292","sub-0051292_ses-1_run-1",1.14285714285714,1.28571428571429,1.21428571428571
"sub-0051293","sub-0051293_ses-1_run-1",1.8,1,1.4
"sub-0051294","sub-0051294_ses-1_run-1",3,2.66666666666667,2.83333333333333
"sub-0051295","sub-0051295_ses-1_run-1",1.2,1.2,1.2
"sub-0051296","sub-0051296_ses-1_run-1",4,3.7,3.85
"sub-0051297","sub-0051297_ses-1_run-1",1.7,1.1,1.4
"sub-0051298","sub-0051298_ses-1_run-1",1,1,1
"sub-0051299","sub-0051299_ses-1_run-1",2.4,1.2,1.8
"sub-0051300","sub-0051300_ses-1_run-1",1,1,1
"sub-0051301","sub-0051301_ses-1_run-1",2.66666666666667,1.33333333333333,2
"sub-0051302","sub-0051302_ses-1_run-1",1.3,1,1.15
"sub-0051303","sub-0051303_ses-1_run-1",1,1,1
"sub-0051304","sub-0051304_ses-1_run-1",2.33333333333333,1,1.66666666666667
"sub-0051305","sub-0051305_ses-1_run-1",1,1,1
"sub-0051306","sub-0051306_ses-1_run-1",1.2,1,1.1
"sub-0051307","sub-0051307_ses-1_run-1",1,1,1
"sub-0051308","sub-0051308_ses-1_run-1",1.1,1,1.05
"sub-0051309","sub-0051309_ses-1_run-1",1.1,1,1.05
"sub-0051311","sub-0051311_ses-1_run-1",1,1,1
"sub-0051312","sub-0051312_ses-1_run-1",4,4,4
"sub-0051313","sub-0051313_ses-1_run-1",1,1,1
"sub-0051314","sub-0051314_ses-1_run-1",3.3,2.5,2.9
"sub-0051315","sub-0051315_ses-1_run-1",1,1,1
"sub-0051316","sub-0051316_ses-1_run-1",3.8,2.2,3
"sub-0051317","sub-0051317_ses-1_run-1",3.2,1,2.1
"sub-0051318","sub-0051318_ses-1_run-1",1,1,1
"sub-0051319","sub-0051319_ses-1_run-1",1,1,1
"sub-0051320","sub-0051320_ses-1_run-1",1,1,1
"sub-0051321","sub-0051321_ses-1_run-1",1,1,1
"sub-0051322","sub-0051322_ses-1_run-1",1,1,1
"sub-0051323","sub-0051323_ses-1_run-1",1,1,1
"sub-0051324","sub-0051324_ses-1_run-1",1,1.1,1.05
"sub-0051325","sub-0051325_ses-1_run-1",1,1,1
"sub-0051326","sub-0051326_ses-1_run-1",1,1,1
"sub-0051327","sub-0051327_ses-1_run-1",1,1,1
"sub-0051328","sub-0051328_ses-1_run-1",1,1.3,1.15
"sub-0051329","sub-0051329_ses-1_run-1",1,1,1
"sub-0051330","sub-0051330_ses-1_run-1",1,1,1
"sub-0051333","sub-0051333_ses-1_run-1",2.1,1,1.55
"sub-0051335","sub-0051335_ses-1_run-1",2.3,1,1.65
"sub-0051336","sub-0051336_ses-1_run-1",1.3,1,1.15
"sub-0051338","sub-0051338_ses-1_run-1",1.2,1.2,1.2
"sub-0051339","sub-0051339_ses-1_run-1",1,1,1
"sub-0051340","sub-0051340_ses-1_run-1",1,1,1
"sub-0051341","sub-0051341_ses-1_run-1",1.1,1.2,1.15
"sub-0051342","sub-0051342_ses-1_run-1",1,1,1
"sub-0051343","sub-0051343_ses-1_run-1",1.2,1,1.1
"sub-0051344","sub-0051344_ses-1_run-1",1,1,1
"sub-0051345","sub-0051345_ses-1_run-1",1,1,1
"sub-0051346","sub-0051346_ses-1_run-1",1.22222222222222,1,1.11111111111111
"sub-0051347","sub-0051347_ses-1_run-1",1.1,1,1.05
"sub-0051348","sub-0051348_ses-1_run-1",3,2.1,2.55
"sub-0051349","sub-0051349_ses-1_run-1",2.7,1.5,2.1
"sub-0051350","sub-0051350_ses-1_run-1",3.3,1.8,2.55
"sub-0051351","sub-0051351_ses-1_run-1",1.1,1,1.05
"sub-0051354","sub-0051354_ses-1_run-1",1.2,1,1.1
"sub-0051355","sub-0051355_ses-1_run-1",2.8,1.8,2.3
"sub-0051357","sub-0051357_ses-1_run-1",1,1,1
"sub-0051358","sub-0051358_ses-1_run-1",3.2,1.4,2.3
"sub-0051359","sub-0051359_ses-1_run-1",1.7,1,1.35
"sub-0051360","sub-0051360_ses-1_run-1",1.6,1,1.3
"sub-0051361","sub-0051361_ses-1_run-1",1.3,1,1.15
"sub-0051362","sub-0051362_ses-1_run-1",1,1,1
"sub-0051363","sub-0051363_ses-1_run-1",1,1,1
"sub-0051364","sub-0051364_ses-1_run-1",1,1,1
"sub-0051365","sub-0051365_ses-1_run-1",1.5,1.1,1.3
"sub-0051366","sub-0051366_ses-1_run-1",1.3,1.2,1.25
"sub-0051367","sub-0051367_ses-1_run-1",1,1,1
"sub-0051368","sub-0051368_ses-1_run-1",1.5,1,1.25
"sub-0051369","sub-0051369_ses-1_run-1",1.9,1.1,1.5
"sub-0051370","sub-0051370_ses-1_run-1",1,1.2,1.1
"sub-0051371","sub-0051371_ses-1_run-1",1,1,1
"sub-0051372","sub-0051372_ses-1_run-1",1,1,1
"sub-0051373","sub-0051373_ses-1_run-1",1,1,1
"sub-0051456","sub-0051456_ses-1_run-1",1,1.2,1.1
"sub-0051457","sub-0051457_ses-1_run-1",1.4,1,1.2
"sub-0051458","sub-0051458_ses-1_run-1",3,1,2
"sub-0051459","sub-0051459_ses-1_run-1",3.3,1,2.15
"sub-0051460","sub-0051460_ses-1_run-1",2,1,1.5
"sub-0051462","sub-0051462_ses-1_run-1",2,1,1.5
"sub-0051463","sub-0051463_ses-1_run-1",2,1.1,1.55
"sub-0051464","sub-0051464_ses-1_run-1",2,1.1,1.55
"sub-0051465","sub-0051465_ses-1_run-1",2,1,1.5
"sub-0051466","sub-0051466_ses-1_run-1",2,1,1.5
"sub-0051467","sub-0051467_ses-1_run-1",2,1,1.5
"sub-0051468","sub-0051468_ses-1_run-1",2,1.1,1.55
"sub-0051469","sub-0051469_ses-1_run-1",2,1,1.5
"sub-0051470","sub-0051470_ses-1_run-1",1.4,1,1.2
"sub-0051471","sub-0051471_ses-1_run-1",1,1.1,1.05
"sub-0051472","sub-0051472_ses-1_run-1",1,1,1
"sub-0051473","sub-0051473_ses-1_run-1",1,1,1
"sub-0051474","sub-0051474_ses-1_run-1",1,1,1
"sub-0051475","sub-0051475_ses-1_run-1",1,1,1
"sub-0051476","sub-0051476_ses-1_run-1",1,1,1
"sub-0051477","sub-0051477_ses-1_run-1",1,1,1
"sub-0051478","sub-0051478_ses-1_run-1",1.2,1.1,1.15
"sub-0051479","sub-0051479_ses-1_run-1",1.4,1,1.2
"sub-0051480","sub-0051480_ses-1_run-1",1,1,1
"sub-0051481","sub-0051481_ses-1_run-1",1,1,1
"sub-0051482","sub-0051482_ses-1_run-1",1,1,1
"sub-0051483","sub-0051483_ses-1_run-1",1,1,1
"sub-0051484","sub-0051484_ses-1_run-1",1.5,1,1.25
"sub-0051485","sub-0051485_ses-1_run-1",1.1,1.1,1.1
"sub-0051486","sub-0051486_ses-1_run-1",1,1,1
"sub-0051487","sub-0051487_ses-1_run-1",1,1,1
"sub-0051488","sub-0051488_ses-1_run-1",1,1,1
"sub-0051489","sub-0051489_ses-1_run-1",1,1,1
"sub-0051490","sub-0051490_ses-1_run-1",1,1,1
"sub-0051491","sub-0051491_ses-1_run-1",1,1,1
"sub-0051492","sub-0051492_ses-1_run-1",1,1,1
"sub-0051493","sub-0051493_ses-1_run-1",1,1,1
"sub-0051556","sub-0051556_ses-1_run-1",1.4,1,1.2
"sub-0051557","sub-0051557_ses-1_run-1",1.2,1,1.1
"sub-0051558","sub-0051558_ses-1_run-1",1.1,1,1.05
"sub-0051560","sub-0051560_ses-1_run-1",1.5,1,1.25
"sub-0051561","sub-0051561_ses-1_run-1",1.4,1,1.2
"sub-0051562","sub-0051562_ses-1_run-1",1.3,1,1.15
"sub-0051563","sub-0051563_ses-1_run-1",1.4,1.1,1.25
"sub-0051564","sub-0051564_ses-1_run-1",1,1,1
"sub-0051565","sub-0051565_ses-1_run-1",1.14285714285714,1,1.07142857142857
"sub-0051566","sub-0051566_ses-1_run-1",1,1,1
"sub-0051567","sub-0051567_ses-1_run-1",1,1,1
"sub-0051568","sub-0051568_ses-1_run-1",1.6,1,1.3
"sub-0051569","sub-0051569_ses-1_run-1",1.25,1,1.125
"sub-0051570","sub-0051570_ses-1_run-1",1.5,1,1.25
"sub-0051571","sub-0051571_ses-1_run-1",1,1,1
"sub-0051572","sub-0051572_ses-1_run-1",1,1,1
"sub-0051573","sub-0051573_ses-1_run-1",1.1,1,1.05
"sub-0051574","sub-0051574_ses-1_run-1",1.1,1,1.05
"sub-0051575","sub-0051575_ses-1_run-1",1.1,1,1.05
"sub-0051576","sub-0051576_ses-1_run-1",1.1,1,1.05
"sub-0051577","sub-0051577_ses-1_run-1",1.1,1,1.05
"sub-0051578","sub-0051578_ses-1_run-1",1.5,1.1,1.3
"sub-0051579","sub-0051579_ses-1_run-1",1,1.1,1.05
"sub-0051580","sub-0051580_ses-1_run-1",1.2,1,1.1
"sub-0051581","sub-0051581_ses-1_run-1",1.2,1.1,1.15
"sub-0051582","sub-0051582_ses-1_run-1",1,1,1
"sub-0051583","sub-0051583_ses-1_run-1",1.1,1,1.05
"sub-0051584","sub-0051584_ses-1_run-1",1,1,1
"sub-0051585","sub-0051585_ses-1_run-1",1.1,1,1.05
"sub-0051606","sub-0051606_ses-1_run-1",1,1,1
"sub-0051607","sub-0051607_ses-1_run-1",1,1.1,1.05
"sub-28675","sub-28675_ses-1_run-1",1.1,1,1.05
"sub-28676","sub-28676_ses-1_run-1",1,1,1
"sub-28677","sub-28677_ses-1_run-1",1.2,1.2,1.2
"sub-28678","sub-28678_ses-1_run-1",1.7,1.2,1.45
"sub-28679","sub-28679_ses-1_run-1",1.2,1.1,1.15
"sub-28681","sub-28681_ses-1_run-1",1.4,1.1,1.25
"sub-28683","sub-28683_ses-1_run-1",1,1,1
"sub-28684","sub-28684_ses-1_run-1",1,1,1
"sub-28685","sub-28685_ses-1_run-1",2.2,1.4,1.8
"sub-28687","sub-28687_ses-1_run-1",1.1,1.1,1.1
"sub-28688","sub-28688_ses-1_run-1",1,1.2,1.1
"sub-28690","sub-28690_ses-1_run-1",1,1,1
"sub-28692","sub-28692_ses-1_run-1",1.9,1.2,1.55
"sub-28694","sub-28694_ses-1_run-1",1.3,1.1,1.2
"sub-28695","sub-28695_ses-1_run-1",1,1.1,1.05
"sub-28696","sub-28696_ses-1_run-1",1.9,1.2,1.55
"sub-28698","sub-28698_ses-1_run-1",2.5,2.2,2.35
"sub-28699","sub-28699_ses-1_run-1",1,1,1
"sub-28700","sub-28700_ses-1_run-1",1,1,1
"sub-28701","sub-28701_ses-1_run-1",1,1,1
"sub-28702","sub-28702_ses-1_run-1",2.7,1.2,1.95
"sub-28703","sub-28703_ses-1_run-1",1.6,1,1.3
"sub-28704","sub-28704_ses-1_run-1",1.3,1,1.15
"sub-28705","sub-28705_ses-1_run-1",1,1,1
"sub-28706","sub-28706_ses-1_run-1",1,1,1
"sub-28707","sub-28707_ses-1_run-1",1.3,1,1.15
"sub-28708","sub-28708_ses-1_run-1",2,1.4,1.7
"sub-28709","sub-28709_ses-1_run-1",1.1,1.2,1.15
"sub-28710","sub-28710_ses-1_run-1",1.5,1,1.25
"sub-28711","sub-28711_ses-1_run-1",1.8,1.1,1.45
"sub-28712","sub-28712_ses-1_run-1",1.55555555555556,1,1.27777777777778
"sub-28713","sub-28713_ses-1_run-1",1.3,1.3,1.3
"sub-28714","sub-28714_ses-1_run-1",1.2,1.2,1.2
"sub-28715","sub-28715_ses-1_run-1",1,1.1,1.05
"sub-28716","sub-28716_ses-1_run-1",1.2,1,1.1
"sub-28717","sub-28717_ses-1_run-1",1.5,1.2,1.35
"sub-28718","sub-28718_ses-1_run-1",1.5,1.2,1.35
"sub-28719","sub-28719_ses-1_run-1",1.6,1.2,1.4
"sub-28721","sub-28721_ses-1_run-1",1,1,1
"sub-28722","sub-28722_ses-1_run-1",1.1,1.1,1.1
"sub-28723","sub-28723_ses-1_run-1",1,1,1
"sub-28725","sub-28725_ses-1_run-1",1,1,1
"sub-28726","sub-28726_ses-1_run-1",1,1,1
"sub-28727","sub-28727_ses-1_run-1",2,1.9,1.95
"sub-28728","sub-28728_ses-1_run-1",3,3,3
"sub-28729","sub-28729_ses-1_run-1",1.4,1.1,1.25
"sub-28730","sub-28730_ses-1_run-1",1.8,1.2,1.5
"sub-28731","sub-28731_ses-1_run-1",1,1.2,1.1
"sub-28732","sub-28732_ses-1_run-1",1.1,1,1.05
"sub-28733","sub-28733_ses-1_run-1",1,1,1
"sub-28741","sub-28741_ses-1_run-1",2.2,1,1.6
"sub-28742","sub-28742_ses-1_run-1",1,1.2,1.1
"sub-28743","sub-28743_ses-1_run-1",1,1,1
"sub-28744","sub-28744_ses-1_run-1",1,1,1
"sub-28745","sub-28745_ses-1_run-1",2.8,1.6,2.2
"sub-28746","sub-28746_ses-1_run-1",1,1.2,1.1
"sub-28747","sub-28747_ses-1_run-1",1.2,1.1,1.15
"sub-28748","sub-28748_ses-1_run-1",1,1,1
"sub-28749","sub-28749_ses-1_run-1",1,1,1
"sub-28750","sub-28750_ses-1_run-1",1,1,1
"sub-28751","sub-28751_ses-1_run-1",1,1,1
"sub-28752","sub-28752_ses-1_run-1",1.9,1.2,1.55
"sub-28753","sub-28753_ses-1_run-1",1,1,1
"sub-28755","sub-28755_ses-1_run-1",1.4,1.2,1.3
"sub-28756","sub-28756_ses-1_run-1",3.3,2.9,3.1
"sub-28757","sub-28757_ses-1_run-1",1,1.2,1.1
"sub-28758","sub-28758_ses-1_run-1",2.2,1.4,1.8
"sub-28759","sub-28759_ses-1_run-1",2.2,1,1.6
"sub-28760","sub-28760_ses-1_run-1",1,1,1
"sub-28761","sub-28761_ses-1_run-1",2.6,1.8,2.2
"sub-28762","sub-28762_ses-1_run-1",1,1,1
"sub-28763","sub-28763_ses-1_run-1",1,1,1
"sub-28764","sub-28764_ses-1_run-1",4,3.7,3.85
"sub-28765","sub-28765_ses-1_run-1",1,1,1
"sub-28766","sub-28766_ses-1_run-1",3,1.8,2.4
"sub-28767","sub-28767_ses-1_run-1",2.1,1.2,1.65
"sub-28768","sub-28768_ses-1_run-1",2.2,1.4,1.8
"sub-28769","sub-28769_ses-1_run-1",3.16666666666667,2.33333333333333,2.75
"sub-28770","sub-28770_ses-1_run-1",2,1,1.5
"sub-28771","sub-28771_ses-1_run-1",2.4,1.4,1.9
"sub-28772","sub-28772_ses-1_run-1",1.2,1,1.1
"sub-28774","sub-28774_ses-1_run-1",1.1,1.3,1.2
"sub-28775","sub-28775_ses-1_run-1",2.7,1.7,2.2
"sub-28776","sub-28776_ses-1_run-1",3.6,2.9,3.25
"sub-28777","sub-28777_ses-1_run-1",3,1.4,2.2
"sub-28778","sub-28778_ses-1_run-1",1,1,1
"sub-28779","sub-28779_ses-1_run-1",1,1,1
"sub-28780","sub-28780_ses-1_run-1",1,1,1
"sub-28783","sub-28783_ses-1_run-1",2.2,1.4,1.8
"sub-28784","sub-28784_ses-1_run-1",3.2,2.9,3.05
"sub-28785","sub-28785_ses-1_run-1",1,1,1
"sub-28786","sub-28786_ses-1_run-1",1,1.2,1.1
"sub-28787","sub-28787_ses-1_run-1",1,1,1
"sub-28788","sub-28788_ses-1_run-1",1,1.2,1.1
"sub-28790","sub-28790_ses-1_run-1",1.2,1,1.1
"sub-28791","sub-28791_ses-1_run-1",2.6,1.6,2.1
"sub-28792","sub-28792_ses-1_run-1",1,1,1
"sub-28793","sub-28793_ses-1_run-1",1,1,1
"sub-28795","sub-28795_ses-1_run-1",1,1,1
"sub-28796","sub-28796_ses-1_run-1",1,1,1
"sub-28797","sub-28797_ses-1_run-1",1,1,1
"sub-28798","sub-28798_ses-1_run-1",1,1,1
"sub-28800","sub-28800_ses-1_run-1",1.6,1.2,1.4
"sub-28801","sub-28801_ses-1_run-1",1.4,1.3,1.35
"sub-28802","sub-28802_ses-1_run-1",3.1,3.1,3.1
"sub-28803","sub-28803_ses-1_run-1",1.4,1.4,1.4
"sub-28804","sub-28804_ses-1_run-1",1.4,1,1.2
"sub-28805","sub-28805_ses-1_run-1",2.6,1.6,2.1
"sub-28806","sub-28806_ses-1_run-1",1,1.2,1.1
"sub-28807","sub-28807_ses-1_run-1",3.1,3.8,3.45
"sub-28808","sub-28808_ses-1_run-1",1.2,1,1.1
"sub-28809","sub-28809_ses-1_run-1",2.88888888888889,2.11111111111111,2.5
"sub-28810","sub-28810_ses-1_run-1",1,1,1
"sub-28811","sub-28811_ses-1_run-1",1.3,1.3,1.3
"sub-28812","sub-28812_ses-1_run-1",1,1,1
"sub-28813","sub-28813_ses-1_run-1",1,1,1
"sub-28814","sub-28814_ses-1_run-1",1,1,1
"sub-28815","sub-28815_ses-1_run-1",2.2,1.4,1.8
"sub-28817","sub-28817_ses-1_run-1",1,1,1
"sub-28819","sub-28819_ses-1_run-1",2.77777777777778,1.77777777777778,2.27777777777778
"sub-28820","sub-28820_ses-1_run-1",1.4,1,1.2
"sub-28821","sub-28821_ses-1_run-1",1.2,1,1.1
"sub-28822","sub-28822_ses-1_run-1",1,1,1
"sub-28824","sub-28824_ses-1_run-1",1,1,1
"sub-28825","sub-28825_ses-1_run-1",1.2,1.4,1.3
"sub-28826","sub-28826_ses-1_run-1",1,1,1
"sub-28827","sub-28827_ses-1_run-1",1.2,1,1.1
"sub-28828","sub-28828_ses-1_run-1",1,1,1
"sub-28829","sub-28829_ses-1_run-1",1,1,1
"sub-28830","sub-28830_ses-1_run-1",1.4,1.4,1.4
"sub-28831","sub-28831_ses-1_run-1",1.8,1.3,1.55
"sub-28832","sub-28832_ses-1_run-1",1.66666666666667,1.44444444444444,1.55555555555556
"sub-28834","sub-28834_ses-1_run-1",1.66666666666667,1.22222222222222,1.44444444444444
"sub-28835","sub-28835_ses-1_run-1",1,1,1
"sub-28836","sub-28836_ses-1_run-1",1.6,1.2,1.4
"sub-28837","sub-28837_ses-1_run-1",1.2,1.2,1.2
"sub-28838","sub-28838_ses-1_run-1",2.5,1.3,1.9
"sub-28839","sub-28839_ses-1_run-1",1.2,1.2,1.2
"sub-28841","sub-28841_ses-1_run-1",2.6,1.2,1.9
"sub-28842","sub-28842_ses-1_run-1",1.8,1.2,1.5
"sub-28843","sub-28843_ses-1_run-1",1.8,1.2,1.5
"sub-28844","sub-28844_ses-1_run-1",1,1,1
"sub-28845","sub-28845_ses-1_run-1",1,1,1
"sub-28846","sub-28846_ses-1_run-1",1,1,1
"sub-28847","sub-28847_ses-1_run-1",1,1,1
"sub-28852","sub-28852_ses-1_run-1",1.6,1.4,1.5
"sub-28853","sub-28853_ses-1_run-1",2.2,1.6,1.9
"sub-28854","sub-28854_ses-1_run-1",1,1,1
"sub-28855","sub-28855_ses-1_run-1",1.4,1,1.2
"sub-28856","sub-28856_ses-1_run-1",4,3.6,3.8
"sub-28857","sub-28857_ses-1_run-1",1,1,1
"sub-28858","sub-28858_ses-1_run-1",1.4,1.1,1.25
"sub-28859","sub-28859_ses-1_run-1",1,1,1
"sub-28860","sub-28860_ses-1_run-1",1.4,1.1,1.25
"sub-28861","sub-28861_ses-1_run-1",1.4,1.4,1.4
"sub-28862","sub-28862_ses-1_run-1",2.2,1.3,1.75
"sub-28863","sub-28863_ses-1_run-1",1.33333333333333,1.33333333333333,1.33333333333333
"sub-28864","sub-28864_ses-1_run-1",1,1,1
"sub-28865","sub-28865_ses-1_run-1",1.1,1,1.05
"sub-28866","sub-28866_ses-1_run-1",1.4,1.8,1.6
"sub-28867","sub-28867_ses-1_run-1",1,1,1
"sub-28868","sub-28868_ses-1_run-1",2,1,1.5
"sub-28869","sub-28869_ses-1_run-1",1,1,1
"sub-28870","sub-28870_ses-1_run-1",1,1,1
"sub-28871","sub-28871_ses-1_run-1",1,1.1,1.05
"sub-28872","sub-28872_ses-1_run-1",1,1,1
"sub-28873","sub-28873_ses-1_run-1",1,1,1
"sub-28874","sub-28874_ses-1_run-1",1,1,1
"sub-28875","sub-28875_ses-1_run-1",1.8,1.2,1.5
"sub-28876","sub-28876_ses-1_run-1",1,1,1
"sub-28877","sub-28877_ses-1_run-1",2.8,2.3,2.55
"sub-28878","sub-28878_ses-1_run-1",1,1.3,1.15
"sub-28879","sub-28879_ses-1_run-1",3,1.8,2.4
"sub-28880","sub-28880_ses-1_run-1",1,1,1
"sub-28881","sub-28881_ses-1_run-1",1,1.2,1.1
"sub-28882","sub-28882_ses-1_run-1",1,1,1
"sub-28883","sub-28883_ses-1_run-1",1,1,1
"sub-28884","sub-28884_ses-1_run-1",2,1.4,1.7
"sub-28885","sub-28885_ses-1_run-1",1,1,1
"sub-28886","sub-28886_ses-1_run-1",2.2,1.4,1.8
"sub-28887","sub-28887_ses-1_run-1",3,2.1,2.55
"sub-28888","sub-28888_ses-1_run-1",1,1,1
"sub-28889","sub-28889_ses-1_run-1",1.2,1,1.1
"sub-28890","sub-28890_ses-1_run-1",1,1,1
"sub-28891","sub-28891_ses-1_run-1",1.2,1.2,1.2
"sub-28892","sub-28892_ses-1_run-1",1.5,1.2,1.35
"sub-28893","sub-28893_ses-1_run-1",1,1.2,1.1
"sub-28894","sub-28894_ses-1_run-1",1,1,1
"sub-28895","sub-28895_ses-1_run-1",1,1,1
"sub-28896","sub-28896_ses-1_run-1",1.1,1,1.05
"sub-28897","sub-28897_ses-1_run-1",1,1,1
"sub-28898","sub-28898_ses-1_run-1",1,1,1
"sub-28899","sub-28899_ses-1_run-1",1,1,1
"sub-28900","sub-28900_ses-1_run-1",1.1,1,1.05
"sub-28901","sub-28901_ses-1_run-1",1,1,1
"sub-28902","sub-28902_ses-1_run-1",1,1,1
"sub-28903","sub-28903_ses-1_run-1",1,1,1
"sub-28904","sub-28904_ses-1_run-1",1,1,1
"sub-28905","sub-28905_ses-1_run-1",1.5,1.2,1.35
"sub-28906","sub-28906_ses-1_run-1",1,1,1
"sub-28907","sub-28907_ses-1_run-1",1.6,1,1.3
"sub-28908","sub-28908_ses-1_run-1",1,1,1
"sub-28909","sub-28909_ses-1_run-1",1,1.2,1.1
"sub-28920","sub-28920_ses-1_run-1",1.1,1,1.05
"sub-28924","sub-28924_ses-1_run-1",1,1,1
"sub-28925","sub-28925_ses-1_run-1",1,1,1
"sub-28926","sub-28926_ses-1_run-1",1,1,1
"sub-28927","sub-28927_ses-1_run-1",1,1,1
"sub-28930","sub-28930_ses-1_run-1",1.2,1,1.1
"sub-28931","sub-28931_ses-1_run-1",1,1,1
"sub-28933","sub-28933_ses-1_run-1",1.5,1.2,1.35
"sub-28934","sub-28934_ses-1_run-1",3,1.7,2.35
"sub-28935","sub-28935_ses-1_run-1",1,1,1
"sub-28936","sub-28936_ses-1_run-1",1.2,1,1.1
"sub-28937","sub-28937_ses-1_run-1",1,1.2,1.1
"sub-28938","sub-28938_ses-1_run-1",1,1,1
"sub-28939","sub-28939_ses-1_run-1",1,1,1
"sub-28940","sub-28940_ses-1_run-1",1,1,1
"sub-28941","sub-28941_ses-1_run-1",1,1,1
"sub-28942","sub-28942_ses-1_run-1",1,1,1
"sub-28943","sub-28943_ses-1_run-1",1,1,1
"sub-28945","sub-28945_ses-1_run-1",1.1,1,1.05
"sub-28946","sub-28946_ses-1_run-1",1,1,1
"sub-28947","sub-28947_ses-1_run-1",1,1,1
"sub-28948","sub-28948_ses-1_run-1",1,1,1
"sub-28949","sub-28949_ses-1_run-1",1,1,1
"sub-28950","sub-28950_ses-1_run-1",1,1,1
"sub-28951","sub-28951_ses-1_run-1",1,1,1
"sub-28952","sub-28952_ses-1_run-1",1,1,1
"sub-28953","sub-28953_ses-1_run-1",1.2,1,1.1
"sub-28954","sub-28954_ses-1_run-1",1,1,1
"sub-28955","sub-28955_ses-1_run-1",1,1.2,1.1
"sub-28956","sub-28956_ses-1_run-1",1,1,1
"sub-28957","sub-28957_ses-1_run-1",1,1,1
"sub-28958","sub-28958_ses-1_run-1",1,1,1
"sub-28960","sub-28960_ses-1_run-1",1,1,1
"sub-28961","sub-28961_ses-1_run-1",1,1,1
"sub-28962","sub-28962_ses-1_run-1",1,1,1
"sub-28963","sub-28963_ses-1_run-1",1.2,1.1,1.15
"sub-28964","sub-28964_ses-1_run-1",1,1,1
"sub-28965","sub-28965_ses-1_run-1",3,2,2.5
"sub-28966","sub-28966_ses-1_run-1",1,1,1
"sub-28967","sub-28967_ses-1_run-1",1,1,1
"sub-28968","sub-28968_ses-1_run-1",1,1,1
"sub-28969","sub-28969_ses-1_run-1",1,1,1
"sub-28970","sub-28970_ses-1_run-1",1,1,1
"sub-28971","sub-28971_ses-1_run-1",1,1,1
"sub-28972","sub-28972_ses-1_run-1",1,1,1
"sub-28973","sub-28973_ses-1_run-1",1,1,1
"sub-28974","sub-28974_ses-1_run-1",1,1,1
"sub-28975","sub-28975_ses-1_run-1",1,1,1
"sub-28976","sub-28976_ses-1_run-1",1,1,1
"sub-28977","sub-28977_ses-1_run-1",1,1,1
"sub-28978","sub-28978_ses-1_run-1",1,1,1
"sub-28979","sub-28979_ses-1_run-1",1,1,1
"sub-28980","sub-28980_ses-1_run-1",1,1,1
"sub-28981","sub-28981_ses-1_run-1",1,1,1
"sub-28982","sub-28982_ses-1_run-1",1,1,1
"sub-28983","sub-28983_ses-1_run-1",1,1,1
"sub-28984","sub-28984_ses-1_run-1",1,1,1
"sub-28985","sub-28985_ses-1_run-1",1,1,1
"sub-28986","sub-28986_ses-1_run-1",1,1,1
"sub-28987","sub-28987_ses-1_run-1",1,1,1
"sub-28988","sub-28988_ses-1_run-1",1,1,1
"sub-28989","sub-28989_ses-1_run-1",1,1,1
"sub-28990","sub-28990_ses-1_run-1",1.1,1,1.05
"sub-28991","sub-28991_ses-1_run-1",1,1,1
"sub-28992","sub-28992_ses-1_run-1",1,1,1
"sub-28993","sub-28993_ses-1_run-1",1,1,1
"sub-28994","sub-28994_ses-1_run-1",1,1,1
"sub-28995","sub-28995_ses-1_run-1",1,1,1
"sub-28996","sub-28996_ses-1_run-1",1,1,1
"sub-28997","sub-28997_ses-1_run-1",1,1,1
"sub-28998","sub-28998_ses-1_run-1",1,1,1
"sub-28999","sub-28999_ses-1_run-1",1,1,1
"sub-29000","sub-29000_ses-1_run-1",1,1,1
"sub-29001","sub-29001_ses-1_run-1",1,1,1
"sub-29002","sub-29002_ses-1_run-1",1,1,1
"sub-29003","sub-29003_ses-1_run-1",1,1,1
"sub-29004","sub-29004_ses-1_run-1",1,1,1
"sub-29005","sub-29005_ses-1_run-1",1,1,1
"sub-29006","sub-29006_ses-1_run-1",1,1,1
"sub-29007","sub-29007_ses-1_run-1",1,1,1
"sub-29008","sub-29008_ses-1_run-1",1,1,1
"sub-29009","sub-29009_ses-1_run-1",1,1,1
"sub-29010","sub-29010_ses-1_run-1",1,1.1,1.05
"sub-29011","sub-29011_ses-1_run-1",1,1,1
"sub-29012","sub-29012_ses-1_run-1",1,1.14285714285714,1.07142857142857
"sub-29013","sub-29013_ses-1_run-1",1,1,1
"sub-29014","sub-29014_ses-1_run-1",1,1,1
"sub-29015","sub-29015_ses-1_run-1",1,1,1
"sub-29016","sub-29016_ses-1_run-1",1,1,1
"sub-29017","sub-29017_ses-1_run-1",1,1,1
"sub-29018","sub-29018_ses-1_run-1",1,1,1
"sub-29019","sub-29019_ses-1_run-1",1,1,1
"sub-29020","sub-29020_ses-1_run-1",1.2,1.3,1.25
"sub-29021","sub-29021_ses-1_run-1",1,1.1,1.05
"sub-29022","sub-29022_ses-1_run-1",1,1,1
"sub-29023","sub-29023_ses-1_run-1",1,1,1
"sub-29024","sub-29024_ses-1_run-1",1,1,1
"sub-29025","sub-29025_ses-1_run-1",1,1,1
"sub-29026","sub-29026_ses-1_run-1",1,1,1
"sub-29027","sub-29027_ses-1_run-1",1,1.5,1.25
"sub-29028","sub-29028_ses-1_run-1",1.14285714285714,1,1.07142857142857
"sub-29029","sub-29029_ses-1_run-1",1,1,1
"sub-29030","sub-29030_ses-1_run-1",1,1,1
"sub-29031","sub-29031_ses-1_run-1",1.16666666666667,1,1.08333333333333
"sub-29032","sub-29032_ses-1_run-1",1.28571428571429,1,1.14285714285714
"sub-29033","sub-29033_ses-1_run-1",1,1,1
"sub-29034","sub-29034_ses-1_run-1",1,1,1
"sub-29035","sub-29035_ses-1_run-1",1.33333333333333,1,1.16666666666667
"sub-29036","sub-29036_ses-1_run-1",1,1,1
"sub-29037","sub-29037_ses-1_run-1",1.1,1,1.05
"sub-29038","sub-29038_ses-1_run-1",1.1,1,1.05
"sub-29039","sub-29039_ses-1_run-1",1.3,1,1.15
"sub-29040","sub-29040_ses-1_run-1",1.1,1,1.05
"sub-29041","sub-29041_ses-1_run-1",1.1,1,1.05
"sub-29042","sub-29042_ses-1_run-1",1.1,1,1.05
"sub-29043","sub-29043_ses-1_run-1",1,1,1
"sub-29044","sub-29044_ses-1_run-1",1,1,1
"sub-29045","sub-29045_ses-1_run-1",1.14285714285714,1,1.07142857142857
"sub-29046","sub-29046_ses-1_run-1",1,1,1
"sub-29047","sub-29047_ses-1_run-1",1,1,1
"sub-29048","sub-29048_ses-1_run-1",1,1,1
"sub-29049","sub-29049_ses-1_run-1",1,1,1
"sub-29050","sub-29050_ses-1_run-1",1.16666666666667,1,1.08333333333333
"sub-29051","sub-29051_ses-1_run-1",1.1,1,1.05
"sub-29052","sub-29052_ses-1_run-1",1.1,1.1,1.1
"sub-29053","sub-29053_ses-1_run-1",1,1,1
"sub-29054","sub-29054_ses-1_run-1",1,1.5,1.25
"sub-29055","sub-29055_ses-1_run-1",1.2,1,1.1
"sub-29056","sub-29056_ses-1_run-1",1,1,1
"sub-29057","sub-29057_ses-1_run-1",1,1,1
"sub-29058","sub-29058_ses-1_run-1",1,1,1
"sub-29059","sub-29059_ses-1_run-1",1,1,1
"sub-29060","sub-29060_ses-1_run-1",1,1,1
"sub-29063","sub-29063_ses-1_run-1",1,1,1
"sub-29064","sub-29064_ses-1_run-1",2.8,1.9,2.35
"sub-29065","sub-29065_ses-1_run-1",1.2,1,1.1
"sub-29066","sub-29066_ses-1_run-1",1,1,1
"sub-29067","sub-29067_ses-1_run-1",3.9,3.9,3.9
"sub-29068","sub-29068_ses-1_run-1",2.5,1.2,1.85
"sub-29069","sub-29069_ses-1_run-1",2.8,1.3,2.05
"sub-29070","sub-29070_ses-1_run-1",1.2,1,1.1
"sub-29071","sub-29071_ses-1_run-1",1,1,1
"sub-29072","sub-29072_ses-1_run-1",1,1,1
"sub-29073","sub-29073_ses-1_run-1",1,1,1
"sub-29074","sub-29074_ses-1_run-1",1,1,1
"sub-29075","sub-29075_ses-1_run-1",1,1,1
"sub-29076","sub-29076_ses-1_run-1",1,1,1
"sub-29077","sub-29077_ses-1_run-1",1,1,1
"sub-29078","sub-29078_ses-1_run-1",3,2.2,2.6
"sub-29079","sub-29079_ses-1_run-1",2.6,1.6,2.1
"sub-29080","sub-29080_ses-1_run-1",1.2,1,1.1
"sub-29081","sub-29081_ses-1_run-1",1,1.1,1.05
"sub-29082","sub-29082_ses-1_run-1",1,1,1
"sub-29083","sub-29083_ses-1_run-1",1,1,1
"sub-29084","sub-29084_ses-1_run-1",1,1,1
"sub-29085","sub-29085_ses-1_run-1",1,1,1
"sub-29086","sub-29086_ses-1_run-1",1,1,1
"sub-29087","sub-29087_ses-1_run-1",1,1,1
"sub-29088","sub-29088_ses-1_run-1",1,1,1
"sub-29089","sub-29089_ses-1_run-1",1,1,1
"sub-29090","sub-29090_ses-1_run-1",1,1,1
"sub-29091","sub-29091_ses-1_run-1",1.2,1,1.1
"sub-29092","sub-29092_ses-1_run-1",1,1,1
"sub-29093","sub-29093_ses-1_run-1",1.4,1,1.2
"sub-29094","sub-29094_ses-1_run-1",1,1,1
"sub-29096","sub-29096_ses-1_run-1",1,1,1
"sub-29097","sub-29097_ses-1_run-1",1,1,1
"sub-29098","sub-29098_ses-1_run-1",2.8,1,1.9
"sub-29099","sub-29099_ses-1_run-1",1,1,1
"sub-29100","sub-29100_ses-1_run-1",3.5,1.3,2.4
"sub-29101","sub-29101_ses-1_run-1",2.6,1,1.8
"sub-29102","sub-29102_ses-1_run-1",4,3.3,3.65
"sub-29103","sub-29103_ses-1_run-1",1,1,1
"sub-29104","sub-29104_ses-1_run-1",1.3,1,1.15
"sub-29105","sub-29105_ses-1_run-1",1,1,1
"sub-29106","sub-29106_ses-1_run-1",3,1.4,2.2
"sub-29107","sub-29107_ses-1_run-1",1,1,1
"sub-29108","sub-29108_ses-1_run-1",1.71428571428571,1,1.35714285714286
"sub-29109","sub-29109_ses-1_run-1",2.2,1,1.6
"sub-29110","sub-29110_ses-1_run-1",1,1,1
"sub-29111","sub-29111_ses-1_run-1",1,1.1,1.05
"sub-29112","sub-29112_ses-1_run-1",1,1,1
"sub-29113","sub-29113_ses-1_run-1",3,1.4,2.2
"sub-29114","sub-29114_ses-1_run-1",1.2,1,1.1
"sub-29115","sub-29115_ses-1_run-1",1,1,1
"sub-29116","sub-29116_ses-1_run-1",1,1,1
"sub-29117","sub-29117_ses-1_run-1",1.4,1,1.2
"sub-29118","sub-29118_ses-1_run-1",1,1,1
"sub-29119","sub-29119_ses-1_run-1",1,1,1
"sub-29120","sub-29120_ses-1_run-1",1,1,1
"sub-29121","sub-29121_ses-1_run-1",1,1,1
"sub-29122","sub-29122_ses-1_run-1",1,1,1
"sub-29123","sub-29123_ses-1_run-1",1.2,1,1.1
"sub-29124","sub-29124_ses-1_run-1",1,1,1
"sub-29125","sub-29125_ses-1_run-1",1,1,1
"sub-29126","sub-29126_ses-1_run-1",1,1,1
"sub-29127","sub-29127_ses-1_run-1",1,1,1
"sub-29128","sub-29128_ses-1_run-1",1,1,1
"sub-29129","sub-29129_ses-1_run-1",1,1,1
"sub-29130","sub-29130_ses-1_run-1",1,1,1
"sub-29131","sub-29131_ses-1_run-1",1,1,1
"sub-29132","sub-29132_ses-1_run-1",1,1,1
"sub-29133","sub-29133_ses-1_run-1",1,1,1
"sub-29134","sub-29134_ses-1_run-1",2.8,1.4,2.1
"sub-29135","sub-29135_ses-1_run-1",1,1,1
"sub-29136","sub-29136_ses-1_run-1",1,1,1
"sub-29137","sub-29137_ses-1_run-1",2.8,1.7,2.25
"sub-29150","sub-29150_ses-1_run-1",1.2,1.1,1.15
"sub-29151","sub-29151_ses-1_run-1",2.8,1,1.9
"sub-29152","sub-29152_ses-1_run-1",1.2,1,1.1
"sub-29153","sub-29153_ses-1_run-1",1.2,1,1.1
"sub-29154","sub-29154_ses-1_run-1",1,1,1
"sub-29155","sub-29155_ses-1_run-1",1.4,1.2,1.3
"sub-29156","sub-29156_ses-1_run-1",1.5,1,1.25
"sub-29157","sub-29157_ses-1_run-1",1.4,1,1.2
"sub-29158","sub-29158_ses-1_run-1",1,1,1
"sub-29159","sub-29159_ses-1_run-1",1.2,1,1.1
"sub-29160","sub-29160_ses-1_run-1",1,1,1
"sub-29161","sub-29161_ses-1_run-1",1.2,1,1.1
"sub-29162","sub-29162_ses-1_run-1",1,1,1
"sub-29163","sub-29163_ses-1_run-1",2,1,1.5
"sub-29164","sub-29164_ses-1_run-1",1,1.2,1.1
"sub-29165","sub-29165_ses-1_run-1",1.4,1.2,1.3
"sub-29166","sub-29166_ses-1_run-1",1.4,1.2,1.3
"sub-29167","sub-29167_ses-1_run-1",1.1,1.3,1.2
"sub-29168","sub-29168_ses-1_run-1",1,1,1
"sub-29169","sub-29169_ses-1_run-1",1.2,1,1.1
"sub-29170","sub-29170_ses-1_run-1",1.8,1.2,1.5
"sub-29171","sub-29171_ses-1_run-1",1.4,1.4,1.4
"sub-29172","sub-29172_ses-1_run-1",1,1,1
"sub-29173","sub-29173_ses-1_run-1",1.5,1,1.25
"sub-29174","sub-29174_ses-1_run-1",3,1,2
"sub-29175","sub-29175_ses-1_run-1",1.7,1.2,1.45
"sub-29176","sub-29176_ses-1_run-1",1,1,1
"sub-29177","sub-29177_ses-1_run-1",1.2,1.2,1.2
"sub-29178","sub-29178_ses-1_run-1",1.8,1.1,1.45
"sub-29179","sub-29179_ses-1_run-1",3,1.3,2.15
"sub-29180","sub-29180_ses-1_run-1",1,1.1,1.05
"sub-29181","sub-29181_ses-1_run-1",1,1,1
"sub-29182","sub-29182_ses-1_run-1",1,1,1
"sub-29183","sub-29183_ses-1_run-1",1,1,1
"sub-29184","sub-29184_ses-1_run-1",1,1,1
"sub-29185","sub-29185_ses-1_run-1",1.2,1,1.1
"sub-29186","sub-29186_ses-1_run-1",1.1,1,1.05
"sub-29187","sub-29187_ses-1_run-1",1,1.2,1.1
"sub-29188","sub-29188_ses-1_run-1",1,1,1
"sub-29189","sub-29189_ses-1_run-1",1,1,1
"sub-29190","sub-29190_ses-1_run-1",1.3,1,1.15
"sub-29191","sub-29191_ses-1_run-1",1,1,1
"sub-29192","sub-29192_ses-1_run-1",1,1,1
"sub-29193","sub-29193_ses-1_run-1",1.2,1,1.1
"sub-29194","sub-29194_ses-1_run-1",1,1,1
"sub-29195","sub-29195_ses-1_run-1",2.2,1.2,1.7
"sub-29196","sub-29196_ses-1_run-1",1,1,1
"sub-29197","sub-29197_ses-1_run-1",1.1,1,1.05
"sub-29198","sub-29198_ses-1_run-1",1,1,1
"sub-29199","sub-29199_ses-1_run-1",1,1.2,1.1
"sub-29200","sub-29200_ses-1_run-1",1,1,1
"sub-29201","sub-29201_ses-1_run-1",1,1,1
"sub-29202","sub-29202_ses-1_run-1",1,1,1
"sub-29203","sub-29203_ses-1_run-1",1,1,1
"sub-29204","sub-29204_ses-1_run-1",1,1,1
"sub-29205","sub-29205_ses-1_run-1",1.3,1,1.15
"sub-29206","sub-29206_ses-1_run-1",1.2,1,1.1
"sub-29207","sub-29207_ses-1_run-1",3.5,2.7,3.1
"sub-29208","sub-29208_ses-1_run-1",3,1,2
"sub-29209","sub-29209_ses-1_run-1",3,1.3,2.15
"sub-29210","sub-29210_ses-1_run-1",1.22222222222222,1,1.11111111111111
"sub-29211","sub-29211_ses-1_run-1",1.2,1,1.1
"sub-29212","sub-29212_ses-1_run-1",1,1,1
"sub-29213","sub-29213_ses-1_run-1",1.2,1,1.1
"sub-29214","sub-29214_ses-1_run-1",1,1,1
"sub-29215","sub-29215_ses-1_run-1",1.44444444444444,1,1.22222222222222
"sub-29216","sub-29216_ses-1_run-1",1,1,1
"sub-29217","sub-29217_ses-1_run-1",1.2,1.2,1.2
"sub-29218","sub-29218_ses-1_run-1",1,1,1
"sub-29219","sub-29219_ses-1_run-1",2.1,1,1.55
"sub-29220","sub-29220_ses-1_run-1",1,1,1
"sub-29221","sub-29221_ses-1_run-1",1.2,1,1.1
"sub-29222","sub-29222_ses-1_run-1",2,1,1.5
"sub-29223","sub-29223_ses-1_run-1",2.6,1.2,1.9
"sub-29224","sub-29224_ses-1_run-1",1,1,1
"sub-29225","sub-29225_ses-1_run-1",1,1.2,1.1
"sub-29226","sub-29226_ses-1_run-1",1,1,1
"sub-29227","sub-29227_ses-1_run-1",1,1,1
"sub-29228","sub-29228_ses-1_run-1",1,1,1
"sub-29229","sub-29229_ses-1_run-1",1.2,1.3,1.25
"sub-29230","sub-29230_ses-1_run-1",1,1,1
"sub-29231","sub-29231_ses-1_run-1",1.4,1,1.2
"sub-29232","sub-29232_ses-1_run-1",1,1,1
"sub-29233","sub-29233_ses-1_run-1",1,1,1
"sub-29234","sub-29234_ses-1_run-1",2.4,1.4,1.9
"sub-29235","sub-29235_ses-1_run-1",1,1,1
"sub-29236","sub-29236_ses-1_run-1",1,1.1,1.05
"sub-29237","sub-29237_ses-1_run-1",1,1,1
"sub-29238","sub-29238_ses-1_run-1",1,1.125,1.0625
"sub-29239","sub-29239_ses-1_run-1",1,1,1
"sub-29240","sub-29240_ses-1_run-1",1.125,1,1.0625
"sub-29241","sub-29241_ses-1_run-1",1.1,1,1.05
"sub-29242","sub-29242_ses-1_run-1",1,1,1
"sub-29243","sub-29243_ses-1_run-1",1,1,1
"sub-29244","sub-29244_ses-1_run-1",1,1,1
"sub-29245","sub-29245_ses-1_run-1",1.2,1,1.1
"sub-29246","sub-29246_ses-1_run-1",1,1,1
"sub-29247","sub-29247_ses-1_run-1",1,1,1
"sub-29248","sub-29248_ses-1_run-1",1,1,1
"sub-29249","sub-29249_ses-1_run-1",1,1,1
"sub-29250","sub-29250_ses-1_run-1",1,1,1
"sub-29251","sub-29251_ses-1_run-1",2.33333333333333,1.66666666666667,2
"sub-29252","sub-29252_ses-1_run-1",1.2,1,1.1
"sub-29253","sub-29253_ses-1_run-1",2.33333333333333,1.66666666666667,2
"sub-29254","sub-29254_ses-1_run-1",1,1,1
"sub-29495","sub-29495_ses-1_run-1",1,1,1
"sub-29496","sub-29496_ses-1_run-1",1,1,1
"sub-29497","sub-29497_ses-1_run-1",1,1,1
"sub-29498","sub-29498_ses-1_run-1",1.1,1,1.05
"sub-29499","sub-29499_ses-1_run-1",1,1,1
"sub-29500","sub-29500_ses-1_run-1",1,1,1
"sub-29501","sub-29501_ses-1_run-1",1,1,1
"sub-29502","sub-29502_ses-1_run-1",1.2,1.2,1.2
"sub-29503","sub-29503_ses-1_run-1",1.3,1.1,1.2
"sub-29504","sub-29504_ses-1_run-1",1,1,1
"sub-29505","sub-29505_ses-1_run-1",1,1,1
"sub-29506","sub-29506_ses-1_run-1",1.9,1.7,1.8
"sub-29507","sub-29507_ses-1_run-1",1,1,1
"sub-29508","sub-29508_ses-1_run-1",1.1,1,1.05
"sub-29509","sub-29509_ses-1_run-1",1,1,1
"sub-29510","sub-29510_ses-1_run-1",1,1.2,1.1
"sub-29511","sub-29511_ses-1_run-1",1.6,1,1.3
"sub-29512","sub-29512_ses-1_run-1",1,1,1
"sub-29513","sub-29513_ses-1_run-1",1,1,1
"sub-29514","sub-29514_ses-1_run-1",1.1,1,1.05
"sub-29515","sub-29515_ses-1_run-1",1,1,1
"sub-29516","sub-29516_ses-1_run-1",1,1,1
"sub-29517","sub-29517_ses-1_run-1",1,1,1
"sub-29518","sub-29518_ses-1_run-1",1,1,1
"sub-29519","sub-29519_ses-1_run-1",1,1,1
"sub-29520","sub-29520_ses-1_run-1",1,1,1
"sub-29521","sub-29521_ses-1_run-1",1,1,1
"sub-29522","sub-29522_ses-1_run-1",1,1,1
"sub-29523","sub-29523_ses-1_run-1",1,1,1
"sub-29524","sub-29524_ses-1_run-1",1,1,1
"sub-29525","sub-29525_ses-1_run-1",1,1,1
"sub-29526","sub-29526_ses-1_run-1",1,1,1
"sub-29527","sub-29527_ses-1_run-1",3,1.3,2.15
"sub-29538","sub-29538_ses-1_run-1",1,1.2,1.1
"sub-29539","sub-29539_ses-1_run-1",1,1,1
"sub-29540","sub-29540_ses-1_run-1",2,1.1,1.55
"sub-29541","sub-29541_ses-1_run-1",1,1,1
"sub-29542","sub-29542_ses-1_run-1",1,1.1,1.05
"sub-29543","sub-29543_ses-1_run-1",1.6,1.2,1.4
"sub-29544","sub-29544_ses-1_run-1",1,1.28571428571429,1.14285714285714
"sub-29545","sub-29545_ses-1_run-1",1,1,1
"sub-29546","sub-29546_ses-1_run-1",1,1,1
"sub-29547","sub-29547_ses-1_run-1",1,1,1
"sub-29548","sub-29548_ses-1_run-1",1,1,1
"sub-29549","sub-29549_ses-1_run-1",1,1,1
"sub-29550","sub-29550_ses-1_run-1",1,1,1
"sub-29551","sub-29551_ses-1_run-1",1,1,1
"sub-29552","sub-29552_ses-1_run-1",1.11111111111111,1,1.05555555555556
"sub-29553","sub-29553_ses-1_run-1",1.125,1,1.0625
"sub-29554","sub-29554_ses-1_run-1",1,1,1
"sub-29555","sub-29555_ses-1_run-1",1,1,1
"sub-29556","sub-29556_ses-1_run-1",1,1,1
"sub-29557","sub-29557_ses-1_run-1",1,1,1
"sub-29558","sub-29558_ses-1_run-1",1.8,1.4,1.6
"sub-29559","sub-29559_ses-1_run-1",1,1,1
"sub-29560","sub-29560_ses-1_run-1",1,1,1
"sub-29561","sub-29561_ses-1_run-1",2.6,2.6,2.6
"sub-29562","sub-29562_ses-1_run-1",1,1,1
"sub-29563","sub-29563_ses-1_run-1",1,1,1
"sub-29564","sub-29564_ses-1_run-1",1,1,1
"sub-29565","sub-29565_ses-1_run-1",1.3,1.5,1.4
"sub-29566","sub-29566_ses-1_run-1",2.6,3,2.8
"sub-29567","sub-29567_ses-1_run-1",1,1,1
"sub-29568","sub-29568_ses-1_run-1",1,1,1
"sub-29569","sub-29569_ses-1_run-1",1,1,1
"sub-29570","sub-29570_ses-1_run-1",1,1,1
"sub-29571","sub-29571_ses-1_run-1",1,1,1
"sub-29572","sub-29572_ses-1_run-1",1,1,1
"sub-29573","sub-29573_ses-1_run-1",1,1,1
"sub-29574","sub-29574_ses-1_run-1",1,1,1
"sub-29575","sub-29575_ses-1_run-1",1,1,1
"sub-29577","sub-29577_ses-1_run-1",1,1,1
"sub-29580","sub-29580_ses-1_run-1",1.1,1,1.05
"sub-29581","sub-29581_ses-1_run-1",1.1,1,1.05
"sub-29582","sub-29582_ses-1_run-1",1,1,1
"sub-29583","sub-29583_ses-1_run-1",1.1,1.1,1.1
"sub-29584","sub-29584_ses-1_run-1",1.4,1,1.2
"sub-29585","sub-29585_ses-1_run-1",1,1,1
"sub-29586","sub-29586_ses-1_run-1",1,1,1
"sub-29587","sub-29587_ses-1_run-1",1.5,1.1,1.3
"sub-29588","sub-29588_ses-1_run-1",2.77777777777778,1.22222222222222,2
"sub-29589","sub-29589_ses-1_run-1",1,1,1
"sub-29590","sub-29590_ses-1_run-1",1,1,1
"sub-29591","sub-29591_ses-1_run-1",3,2.4,2.7
"sub-29592","sub-29592_ses-1_run-1",2,1,1.5
"sub-29593","sub-29593_ses-1_run-1",1.3,1.1,1.2
"sub-29594","sub-29594_ses-1_run-1",1,1,1
"sub-29595","sub-29595_ses-1_run-1",1.5,1.2,1.35
"sub-29596","sub-29596_ses-1_run-1",1,1,1
"sub-29597","sub-29597_ses-1_run-1",1.16666666666667,1,1.08333333333333
"sub-29600","sub-29600_ses-1_run-1",1,1,1
"sub-29601","sub-29601_ses-1_run-1",1,1,1
"sub-29602","sub-29602_ses-1_run-1",1,1,1
"sub-29603","sub-29603_ses-1_run-1",1,1,1
"sub-29604","sub-29604_ses-1_run-1",1,1,1
"sub-29605","sub-29605_ses-1_run-1",1.25,1,1.125
"sub-29606","sub-29606_ses-1_run-1",1.2,1,1.1
"sub-29607","sub-29607_ses-1_run-1",1.2,1,1.1
"sub-29608","sub-29608_ses-1_run-1",1,1,1
"sub-29609","sub-29609_ses-1_run-1",1.2,1.1,1.15
"sub-29610","sub-29610_ses-1_run-1",1.1,1.1,1.1
"sub-29611","sub-29611_ses-1_run-1",1.1,1,1.05
"sub-29612","sub-29612_ses-1_run-1",1.2,1.1,1.15
"sub-29613","sub-29613_ses-1_run-1",1.1,1,1.05
"sub-29614","sub-29614_ses-1_run-1",1.1,1,1.05
"sub-29615","sub-29615_ses-1_run-1",2.4,1.9,2.15
"sub-29616","sub-29616_ses-1_run-1",1,1.1,1.05
"sub-29617","sub-29617_ses-1_run-1",3.5,1,2.25
"sub-29618","sub-29618_ses-1_run-1",1.1,1.1,1.1
"sub-29619","sub-29619_ses-1_run-1",1,1,1
"sub-29620","sub-29620_ses-1_run-1",1,1,1
"sub-29621","sub-29621_ses-1_run-1",3,2.44444444444444,2.72222222222222
"sub-29622","sub-29622_ses-1_run-1",1,1,1
"sub-29623","sub-29623_ses-1_run-1",3,2,2.5
"sub-29624","sub-29624_ses-1_run-1",1.5,1.1,1.3
"sub-29625","sub-29625_ses-1_run-1",1.1,1,1.05
"sub-29626","sub-29626_ses-1_run-1",3,1.8,2.4
"sub-29627","sub-29627_ses-1_run-1",1.3,1,1.15
"sub-29628","sub-29628_ses-1_run-1",3,2,2.5
"sub-29629","sub-29629_ses-1_run-1",1.1,1,1.05
"sub-29631","sub-29631_ses-1_run-1",1,1,1
"sub-29633","sub-29633_ses-1_run-1",1.66666666666667,1.66666666666667,1.66666666666667
"sub-29634","sub-29634_ses-1_run-1",1.7,1.2,1.45
"sub-29635","sub-29635_ses-1_run-1",1,1,1
"sub-29656","sub-29656_ses-1_run-1",1,1,1
"sub-29657","sub-29657_ses-1_run-1",1.4,1.3,1.35
"sub-29659","sub-29659_ses-1_run-1",1.2,1,1.1
"sub-29660","sub-29660_ses-1_run-1",1.1,1,1.05
"sub-29662","sub-29662_ses-1_run-1",1.2,1.1,1.15
"sub-29664","sub-29664_ses-1_run-1",1.5,1,1.25
"sub-29665","sub-29665_ses-1_run-1",1.4,1,1.2
"sub-29666","sub-29666_ses-1_run-1",1.1,1,1.05
"sub-29667","sub-29667_ses-1_run-1",1.2,1.1,1.15
"sub-29668","sub-29668_ses-1_run-1",1,1,1
"sub-29669","sub-29669_ses-1_run-1",3.4,1.5,2.45
"sub-29670","sub-29670_ses-1_run-1",1,1.2,1.1
"sub-29671","sub-29671_ses-1_run-1",1.6,1.6,1.6
"sub-29674","sub-29674_ses-1_run-1",1,1,1
"sub-29675","sub-29675_ses-1_run-1",1,1,1
"sub-29676","sub-29676_ses-1_run-1",1.33333333333333,1,1.16666666666667
"sub-29677","sub-29677_ses-1_run-1",1.5,1,1.25
"sub-29678","sub-29678_ses-1_run-1",1.66666666666667,1,1.33333333333333
"sub-29679","sub-29679_ses-1_run-1",1.2,1.1,1.15
"sub-29728","sub-29728_ses-1_run-1",3.9,2.5,3.2
"sub-29729","sub-29729_ses-1_run-1",2,1,1.5
"sub-29730","sub-29730_ses-1_run-1",2.2,1,1.6
"sub-29731","sub-29731_ses-1_run-1",1,1,1
"sub-29732","sub-29732_ses-1_run-1",1.1,1,1.05
"sub-29733","sub-29733_ses-1_run-1",2.4,1.3,1.85
"sub-29734","sub-29734_ses-1_run-1",3.5,3.3,3.4
"sub-29735","sub-29735_ses-1_run-1",1.2,1,1.1
"sub-29736","sub-29736_ses-1_run-1",2.8,1.4,2.1
"sub-29737","sub-29737_ses-1_run-1",1.4,1,1.2
"sub-29738","sub-29738_ses-1_run-1",2.8,1.2,2
"sub-29739","sub-29739_ses-1_run-1",1,1,1
"sub-29740","sub-29740_ses-1_run-1",2,1.2,1.6
"sub-29741","sub-29741_ses-1_run-1",3.7,4,3.85
"sub-29742","sub-29742_ses-1_run-1",4,4,4
"sub-29743","sub-29743_ses-1_run-1",3,1.33333333333333,2.16666666666667
"sub-29744","sub-29744_ses-1_run-1",3,1.9,2.45
"sub-29745","sub-29745_ses-1_run-1",3,2.7,2.85
"sub-29746","sub-29746_ses-1_run-1",1,1,1
"sub-29747","sub-29747_ses-1_run-1",1,1,1
"sub-29748","sub-29748_ses-1_run-1",1.8,1.1,1.45
"sub-29749","sub-29749_ses-1_run-1",2.5,1.5,2
"sub-29750","sub-29750_ses-1_run-1",1.8,1,1.4
"sub-29751","sub-29751_ses-1_run-1",3.9,3.7,3.8
"sub-29752","sub-29752_ses-1_run-1",3.2,2.4,2.8
"sub-29753","sub-29753_ses-1_run-1",1,1.2,1.1
"sub-29754","sub-29754_ses-1_run-1",2.3,1.2,1.75
"sub-29755","sub-29755_ses-1_run-1",1.2,1,1.1
"sub-29756","sub-29756_ses-1_run-1",3,1,2
"sub-29757","sub-29757_ses-1_run-1",1,1,1
"sub-29758","sub-29758_ses-1_run-1",1,1,1
"sub-29759","sub-29759_ses-1_run-1",1,1.2,1.1
"sub-29794","sub-29794_ses-1_run-1",1.1,1,1.05
"sub-29795","sub-29795_ses-1_run-1",1.3,1,1.15
"sub-29796","sub-29796_ses-1_run-1",1.8,1,1.4
"sub-29797","sub-29797_ses-1_run-1",1.2,1,1.1
"sub-29798","sub-29798_ses-1_run-1",1.1,1,1.05
"sub-29864","sub-29864_ses-1_run-1",1.1,1,1.05
"sub-29865","sub-29865_ses-1_run-1",1,1.2,1.1
"sub-29866","sub-29866_ses-1_run-1",1,1,1
"sub-29867","sub-29867_ses-1_run-1",1,1,1
"sub-29868","sub-29868_ses-1_run-1",1,1,1
"sub-29869","sub-29869_ses-1_run-1",2,1.4,1.7
"sub-29870","sub-29870_ses-1_run-1",3,2,2.5
"sub-29871","sub-29871_ses-1_run-1",2.2,1.3,1.75
"sub-29874","sub-29874_ses-1_run-1",1.2,1.2,1.2
"sub-29875","sub-29875_ses-1_run-1",1.9,1.4,1.65
"sub-29876","sub-29876_ses-1_run-1",1.4,1,1.2
"sub-29877","sub-29877_ses-1_run-1",2,1.3,1.65
"sub-29878","sub-29878_ses-1_run-1",3.9,3.6,3.75
"sub-29879","sub-29879_ses-1_run-1",1.4,1,1.2
"sub-29881","sub-29881_ses-1_run-1",2.77777777777778,2.77777777777778,2.77777777777778
"sub-29882","sub-29882_ses-1_run-1",3,3.3,3.15
"sub-29883","sub-29883_ses-1_run-1",3,2.2,2.6
"sub-29885","sub-29885_ses-1_run-1",2.2,1.2,1.7
"sub-29886","sub-29886_ses-1_run-1",1,1,1
"sub-29887","sub-29887_ses-1_run-1",2.4,1.6,2
"sub-29888","sub-29888_ses-1_run-1",1.6,1.2,1.4
"sub-29889","sub-29889_ses-1_run-1",3,1.3,2.15
"sub-29890","sub-29890_ses-1_run-1",3,1.8,2.4
"sub-29891","sub-29891_ses-1_run-1",3,1.8,2.4
"sub-29892","sub-29892_ses-1_run-1",1.2,1.2,1.2
"sub-29893","sub-29893_ses-1_run-1",3,2.4,2.7
"sub-29894","sub-29894_ses-1_run-1",3.8,3.6,3.7
"sub-29895","sub-29895_ses-1_run-1",1.3,1.5,1.4
"sub-29896","sub-29896_ses-1_run-1",1.2,1.2,1.2
"sub-29897","sub-29897_ses-1_run-1",2.6,1.7,2.15
"sub-29898","sub-29898_ses-1_run-1",2.6,1.8,2.2
"sub-29899","sub-29899_ses-1_run-1",3,1.7,2.35
"sub-29900","sub-29900_ses-1_run-1",3,2.2,2.6
"sub-29901","sub-29901_ses-1_run-1",1,1,1
"sub-29902","sub-29902_ses-1_run-1",4,3.8,3.9
"sub-29903","sub-29903_ses-1_run-1",1,1,1
"sub-29904","sub-29904_ses-1_run-1",1.3,1,1.15
"sub-29905","sub-29905_ses-1_run-1",1.2,1,1.1
"sub-29906","sub-29906_ses-1_run-1",1,1,1
"sub-29907","sub-29907_ses-1_run-1",1,1.2,1.1
"sub-29908","sub-29908_ses-1_run-1",4,2.4,3.2
"sub-29909","sub-29909_ses-1_run-1",2.3,1.1,1.7
"sub-29910","sub-29910_ses-1_run-1",2.5,1.3,1.9
"sub-29911","sub-29911_ses-1_run-1",1,1,1
"sub-29912","sub-29912_ses-1_run-1",1,1,1
"sub-29913","sub-29913_ses-1_run-1",1.3,1.2,1.25
"sub-29914","sub-29914_ses-1_run-1",3.3,1.7,2.5
"sub-29915","sub-29915_ses-1_run-1",3.4,3.3,3.35
"sub-29916","sub-29916_ses-1_run-1",1.8,1.2,1.5
"sub-29917","sub-29917_ses-1_run-1",1.6,1,1.3
"sub-29997","sub-29997_ses-1_run-1",2.2,1.4,1.8
"sub-29998","sub-29998_ses-1_run-1",1.1,1,1.05
"sub-29999","sub-29999_ses-1_run-1",3,2.7,2.85
"sub-30000","sub-30000_ses-1_run-1",1,1,1
"sub-30001","sub-30001_ses-1_run-1",1,1.1,1.05
"sub-30002","sub-30002_ses-1_run-1",3,3.3,3.15
"sub-30003","sub-30003_ses-1_run-1",1.28571428571429,1,1.14285714285714
"sub-30004","sub-30004_ses-1_run-1",1,1.2,1.1
"sub-30005","sub-30005_ses-1_run-1",1.28571428571429,1,1.14285714285714
"sub-30006","sub-30006_ses-1_run-1",1.3,1,1.15
"sub-30007","sub-30007_ses-1_run-1",1,1,1
"sub-30008","sub-30008_ses-1_run-1",1.1,1,1.05
"sub-30010","sub-30010_ses-1_run-1",1,1,1
"sub-30011","sub-30011_ses-1_run-1",1,1.4,1.2
"sub-30012","sub-30012_ses-1_run-1",1,1,1
"sub-30013","sub-30013_ses-1_run-1",1,1,1
"sub-30014","sub-30014_ses-1_run-1",1,1,1
"sub-30016","sub-30016_ses-1_run-1",2.4,1.8,2.1
"sub-30017","sub-30017_ses-1_run-1",1.11111111111111,1.22222222222222,1.16666666666667
"sub-30018","sub-30018_ses-1_run-1",1.1,1.1,1.1
"sub-30019","sub-30019_ses-1_run-1",1,1.28571428571429,1.14285714285714
"sub-30020","sub-30020_ses-1_run-1",1,1,1
"sub-30021","sub-30021_ses-1_run-1",1,1,1
"sub-30022","sub-30022_ses-1_run-1",2.1,1.4,1.75
"sub-30023","sub-30023_ses-1_run-1",2.8,1.6,2.2
"sub-30024","sub-30024_ses-1_run-1",1,1,1
"sub-30026","sub-30026_ses-1_run-1",1.7,1.2,1.45
"sub-30027","sub-30027_ses-1_run-1",3.7,1.4,2.55
"sub-30028","sub-30028_ses-1_run-1",1,1.2,1.1
"sub-30029","sub-30029_ses-1_run-1",1.2,1.2,1.2
"sub-30144","sub-30144_ses-1_run-1",1,1,1
"sub-30146","sub-30146_ses-1_run-1",1,1,1
"sub-30147","sub-30147_ses-1_run-1",1,1,1
"sub-30148","sub-30148_ses-1_run-1",1.1,1,1.05
"sub-30149","sub-30149_ses-1_run-1",1.1,1,1.05
"sub-30150","sub-30150_ses-1_run-1",1,1.11111111111111,1.05555555555556
"sub-30151","sub-30151_ses-1_run-1",1.1,1,1.05
"sub-30154","sub-30154_ses-1_run-1",1,1,1
"sub-30155","sub-30155_ses-1_run-1",1,1,1
"sub-30156","sub-30156_ses-1_run-1",1,1,1
"sub-30157","sub-30157_ses-1_run-1",1,1,1
"sub-30158","sub-30158_ses-1_run-1",1,1,1
"sub-30159","sub-30159_ses-1_run-1",1,1,1
"sub-30160","sub-30160_ses-1_run-1",1,1,1
"sub-30161","sub-30161_ses-1_run-1",1,1.66666666666667,1.33333333333333
"sub-30162","sub-30162_ses-1_run-1",1,1,1
"sub-30163","sub-30163_ses-1_run-1",1.2,1,1.1
"sub-30164","sub-30164_ses-1_run-1",1,1,1
"sub-30165","sub-30165_ses-1_run-1",1,1,1
"sub-30166","sub-30166_ses-1_run-1",1,1,1
"sub-30167","sub-30167_ses-1_run-1",1,1,1
